1137774,1171825,886982,1578735,1013220,913357,899051,1127777,922621,736260,1584207,7974,40729,1592386,1299688,86312,1156039,1411494,1594012,1580608,1472787,831001,888002,5513,927628,1267238,1315657,4962,1475922,1593538,945734,1069822,1381668,811612,1126328,1409970,1304994,29646,1571949,870517,1079577,1520566,921847,874766,1475841,860748,1575879,1613665,1264755,750556,1535929,1479750,777001,46738,36377,1035713,1422183,1178970,1615418,1360683,1029786,895421,1365790,1403385,1404912,1032204,1490906,1099219,1569391,911935,1585064,1120193,1056288,1442145,1403161,874501,1295230,1504008,1430592,1601712,1184702,1141391,806085,936372,1052100,1132327,315709,1365135,1617242,759944,1502749,1068144,1295172,1476651,5272,1122304,1137048,1176948,1276520,1393612,820027,923687,1020828,1368007,68100,1397911,1430723
2018-09-26,2019-08-13,2009-05-08,2018-10-30,2004-07-23,2009-05-21,2019-10-29,2004-08-02,2018-09-17,2004-04-26,2019-11-20,2000-09-06,2019-05-08,2019-03-13,2010-04-28,2018-10-18,2015-06-22,2019-10-28,2019-12-02,2017-07-28,2017-05-12,2019-10-15,2002-09-04,2018-12-12,2019-06-21,2018-12-19,2013-12-27,2018-03-09,2015-09-25,2018-04-09,2003-04-22,2004-02-23,2011-11-16,2007-09-11,2018-11-15,2017-12-07,2006-11-20,2006-12-04,2014-06-20,2004-10-27,2013-03-21,2018-07-19,2015-09-29,2019-02-21,2013-11-12,2019-05-01,2017-02-21,2019-01-24,2005-09-20,2019-04-12,2019-08-06,2017-10-19,2008-03-24,2001-08-03,2018-08-01,2005-01-26,2019-11-07,2019-04-25,2015-10-27,2016-08-10,2007-11-30,2019-01-17,2010-10-18,2015-10-16,2017-02-06,2001-03-23,2019-07-30,2019-12-11,2017-07-05,2004-03-08,2017-05-03,2019-01-30,2018-09-18,2019-09-27,2019-11-13,2019-11-07,2007-05-01,2016-08-15,2010-08-10,2019-06-20,2005-09-30,2017-10-10,2012-03-12,2001-05-04,2017-10-24,2005-05-20,2014-05-05,2018-12-11,2019-12-19,2019-11-05,2016-11-21,2003-07-14,2010-03-02,2016-02-24,2019-08-07,2018-12-04,2009-07-30,2019-07-31,2019-08-13,2017-06-15,2018-10-05,2001-11-07,2003-05-07,2013-10-18,2000-06-28,2018-12-04,2019-11-04
2019-06-05,2019-09-09,2010-04-16,2015-11-02,2004-07-30,2009-05-12,2019-07-30,2003-09-24,2016-11-14,2004-02-06,2018-07-13,,2018-12-04,2017-11-07,2005-10-20,2017-10-19,2013-05-20,2019-06-11,2019-10-24,2016-12-08,2010-05-28,2019-07-15,2004-02-23,2017-12-13,2019-10-24,2019-04-11,2015-07-02,2014-01-16,2016-02-26,2018-05-03,2005-10-27,2003-09-18,2012-02-01,2007-10-31,2017-04-27,2017-08-17,2006-10-23,2006-09-11,2015-12-14,2005-07-06,2013-04-23,2018-06-26,2015-04-17,2018-08-22,2018-01-02,2014-03-21,2016-05-27,2017-04-27,2004-09-14,2019-04-18,2019-11-05,2017-07-20,2008-03-28,,2018-05-10,2004-07-26,2019-08-07,2013-04-25,2018-08-08,2016-04-27,2007-09-10,2015-04-20,2009-05-18,2014-08-28,2016-06-17,,2019-10-30,2019-12-12,2017-05-31,,2016-11-16,2017-07-26,2008-12-10,2015-05-04,2018-08-06,2019-08-08,,2012-03-06,2018-05-02,2018-06-27,,2011-09-15,2012-01-23,2001-06-06,2009-10-07,2002-10-22,2013-11-06,2018-05-22,2017-11-02,2019-09-10,2016-05-05,2003-07-22,,2015-10-29,2019-05-06,2018-11-26,2009-04-30,2019-10-31,2018-09-14,2015-12-21,2014-05-01,2000-09-26,2003-06-19,2013-04-08,2000-09-19,2013-08-15,2019-10-21
2019-02-12,2017-04-07,2008-09-29,2014-02-20,2002-10-10,2009-03-02,2019-05-01,2004-04-13,2010-11-04,2003-10-31,2018-02-26,,2019-10-16,2017-02-02,2011-03-21,2017-05-22,2017-05-18,2019-02-07,2019-04-25,2017-02-23,2010-06-01,2019-04-15,2003-02-27,2019-02-22,2019-07-18,2018-10-22,,2010-10-21,2015-04-02,2014-05-02,2003-12-08,2000-09-01,2011-08-03,,2014-11-26,2016-03-02,2006-07-28,2006-08-23,2014-06-25,2002-11-26,2013-05-15,2018-08-01,2014-12-09,2019-11-04,,2011-08-15,2016-10-06,2015-12-01,2010-08-20,2018-05-15,2019-05-07,2017-04-21,2008-03-20,,2001-07-20,2003-07-28,2019-05-08,2013-02-28,,2016-07-27,2007-05-17,2014-10-17,2007-11-08,2015-08-11,2016-03-16,,2019-04-29,2018-03-29,2017-06-21,,2016-05-04,2017-09-08,2004-02-04,2014-09-29,2017-05-31,2019-05-09,,2015-11-17,2015-11-09,2018-05-11,,2010-10-04,2008-12-09,,2013-07-03,2002-09-23,2013-08-05,2015-05-15,,2019-06-11,2016-02-11,,,2015-04-27,2019-11-01,2018-10-11,2009-02-19,2019-05-02,2016-03-04,2015-04-30,2014-01-29,2000-09-26,,2013-07-30,,2015-11-24,2019-07-15
2018-02-13,2015-10-23,2008-09-23,2016-06-24,2003-10-30,2009-03-13,2019-02-05,2002-04-18,2007-08-01,2003-05-02,2017-12-18,,2019-07-18,2015-06-02,2010-11-29,2016-10-20,2012-09-14,2018-03-15,2019-01-31,2016-05-12,,2019-01-14,2003-09-18,2018-05-25,2019-04-25,2018-11-06,,2010-04-28,2017-11-20,,,,2011-02-09,,2013-10-25,2009-05-22,2005-09-15,2006-08-09,2015-10-28,2002-06-26,2013-01-29,2018-03-01,2013-12-17,2019-05-01,,2006-05-03,2014-08-14,2015-11-30,2006-07-19,2018-03-06,2019-02-05,2017-01-26,2008-04-11,,2005-06-15,2005-06-09,2019-02-27,2013-02-27,,2015-12-28,2003-09-16,2014-07-17,2007-06-25,2014-08-04,2012-06-18,,2019-01-29,2019-10-30,2017-04-25,,2016-08-02,2016-03-15,2018-04-13,2014-05-05,2017-06-06,2019-03-01,,2011-06-08,,2018-01-30,,2011-02-03,2008-10-03,,2008-10-09,2005-04-25,2014-02-24,2019-05-09,,2019-05-29,2015-11-04,,,2015-03-04,2019-02-13,2018-10-10,2008-10-31,2019-02-14,2017-02-07,2013-12-26,2013-10-07,2001-12-17,,2012-10-10,,2013-05-28,2019-05-02
2017-11-14,2015-04-21,2012-07-20,2015-07-16,2001-03-27,2008-06-27,2018-10-31,2003-11-07,2011-11-08,2003-08-01,2017-11-09,,2018-05-09,2015-05-06,,2016-05-11,2014-12-02,2019-12-17,2018-10-26,2015-05-13,,2018-10-12,2000-11-14,2015-12-17,2018-06-21,2019-03-14,,2011-01-24,2012-04-18,,,,2010-11-10,,2013-07-26,2010-04-20,2006-11-22,2006-05-26,2017-11-02,,2007-02-16,2015-05-05,2013-04-15,2018-10-25,,2018-02-14,2014-11-14,,2005-04-15,2017-12-06,2018-10-30,2016-07-21,2003-07-23,,2001-05-11,,2018-11-07,2009-05-01,,2016-02-01,2008-08-07,2014-04-17,2010-05-19,2011-12-16,2019-07-01,,2018-10-26,2019-07-31,2017-04-20,,2016-02-03,2013-05-29,2001-05-03,2017-05-19,2015-12-02,2018-11-07,,,,2017-11-13,,2010-09-15,2008-10-07,,2010-09-07,2002-06-14,2012-11-02,2012-04-19,,2019-05-14,2015-09-17,,,2018-07-25,2018-11-06,2018-09-27,2008-05-01,2018-11-01,2015-04-28,2010-11-16,2012-04-26,2001-11-30,,2012-02-10,,2017-08-15,2019-09-03
2017-02-14,2015-01-21,2008-10-31,,2003-10-28,2008-02-04,2018-08-01,2002-12-10,2008-01-03,2003-10-01,2016-05-27,,2019-04-18,2015-08-06,,2015-10-20,2011-02-23,2016-05-27,2018-07-27,2014-06-12,,2018-07-13,,2016-02-02,2019-01-22,2019-05-08,,2010-07-22,2013-05-24,,,,,,2013-04-26,2011-08-03,2005-04-25,2006-05-26,2013-10-01,,2015-07-24,2014-11-06,2013-04-12,2019-08-01,,2002-06-26,2014-03-26,,,2019-02-13,2018-08-01,2016-04-22,2000-09-28,,,,2018-08-09,2013-12-20,,2016-02-01,2002-10-18,2013-10-18,2010-05-19,,2019-05-22,,2018-01-29,2019-05-01,2017-01-19,,2015-11-18,2013-04-03,,2015-03-11,2016-06-21,2018-08-08,,,,2017-06-27,,2015-12-01,2010-04-16,,,,2012-07-11,2013-03-11,,2018-11-08,2015-06-09,,,2017-11-30,2018-09-21,2018-03-15,2008-08-01,2018-08-02,2014-07-29,2011-03-23,2010-04-30,,,2012-12-21,,2013-10-30,2019-04-15
2017-06-06,2014-10-10,2012-03-09,,2001-12-07,2008-11-14,2018-05-01,2002-11-15,2010-05-06,,2015-11-17,,2018-10-25,2018-11-08,,2018-06-06,2010-12-07,2013-02-06,2018-04-27,2016-06-17,,2018-04-13,,2015-10-28,2018-10-23,2017-09-11,,2008-01-10,2011-12-15,,,,,,2018-03-02,2009-03-19,2006-04-17,2006-05-26,,,2006-06-16,2014-08-06,2013-04-12,2019-02-04,,2010-11-24,2014-06-04,,,2016-02-12,2018-05-01,2016-04-07,2001-05-10,,,,2018-05-10,2006-10-16,,2016-01-26,2004-06-22,2015-01-20,,,2018-03-23,,2018-07-30,2019-05-21,2016-10-20,,2015-08-05,2011-10-26,,2014-01-14,2012-10-25,2018-05-08,,,,2017-08-08,,2008-05-29,2008-09-22,,,,2009-02-13,2012-05-09,,2018-12-04,2015-02-26,,,,2018-06-07,2018-02-28,2008-02-21,2018-05-03,2014-04-29,2009-09-17,2013-10-01,,,2011-04-21,,2013-07-31,2019-02-08
2015-06-17,2016-05-17,2007-05-18,,2003-01-28,2008-05-14,2018-02-07,2003-06-09,,,2018-01-04,,2019-01-30,2017-04-21,,2014-10-21,2009-12-01,2014-05-30,2018-01-26,,,2018-04-09,,2017-03-29,2018-07-19,2016-03-08,,2010-04-22,2012-07-16,,,,,,2012-09-21,2012-06-07,2005-07-14,2006-05-26,,,2012-07-18,2013-11-07,2008-04-22,2018-07-26,,2014-02-27,2014-03-26,,,2016-01-22,2018-02-13,2016-01-28,2003-06-20,,,,2017-11-09,2003-12-31,,2016-02-11,2002-05-22,2013-07-18,,,2013-12-17,,2017-07-27,2018-01-30,2017-07-20,,2014-11-20,2011-04-01,,2012-08-08,2010-07-21,2018-02-28,,,,2017-05-24,,2012-07-16,2010-04-19,,,,2006-04-03,2013-06-03,,2018-09-12,2014-11-05,,,,2018-10-31,2018-02-09,2007-11-01,2017-11-03,2015-02-10,2007-07-09,2006-04-10,,,2012-10-05,,2012-02-07,2019-01-22
2015-06-23,2014-08-04,2000-11-15,,,2008-02-12,2017-11-01,2002-03-13,,,2016-01-29,,2018-03-15,2019-11-07,,2013-10-22,2008-03-07,,2017-10-27,,,2018-01-16,,2015-07-29,2018-04-24,2018-05-31,,2009-04-23,2011-04-12,,,,,,2009-08-04,2015-12-22,,2006-05-26,,,,2013-11-07,2012-08-31,2018-11-05,,2007-05-14,2014-07-16,,,2015-10-16,2017-10-31,2015-10-21,2004-11-23,,,,2018-03-01,,,2015-10-28,2007-02-06,2014-01-17,,,2014-05-29,,2017-04-27,2019-02-06,2016-11-18,,2015-05-06,2011-04-19,,,2012-01-31,2017-11-09,,,,2017-01-30,,2007-05-31,2011-01-26,,,,2006-03-03,2012-05-25,,2018-05-31,2014-09-09,,,,2018-08-02,2018-02-01,2007-08-02,2017-08-04,2014-11-05,2009-03-13,2011-11-23,,,2013-03-19,,2009-12-11,2018-10-17
2016-02-09,2016-03-21,2010-05-03,,,2007-11-01,2017-05-02,2002-10-16,,,2015-04-27,,2016-12-06,,,2013-07-23,2015-07-27,,2017-07-31,,,2017-10-12,,2016-05-26,2017-06-22,2018-03-06,,2008-10-20,2012-05-08,,,,,,2019-05-10,2014-04-17,,2006-05-26,,,,2012-05-15,2006-02-10,2019-08-19,,2006-02-06,2014-02-14,,,2014-09-09,2017-08-01,2015-07-23,,,,,2017-08-09,,,2015-07-30,2001-08-08,2013-04-18,,,2013-02-01,,2017-10-27,2018-11-01,2016-09-12,,2015-02-04,2008-08-06,,,2018-09-18,2017-05-22,,,,2016-11-03,,2007-04-10,2007-11-15,,,,2004-11-08,2010-09-30,,2017-11-15,2014-06-04,,,,2018-05-02,2018-10-30,2007-05-03,2017-05-08,2014-02-04,2008-02-07,2006-04-25,,,2011-01-14,,2008-01-23,2018-10-30
2015-03-10,2015-07-27,2005-08-26,,,2005-11-14,2017-08-01,2002-08-28,,,2015-03-03,,2018-07-26,,,2013-04-23,2008-01-23,,2017-04-28,,,2017-07-14,,2015-02-03,2018-01-23,2010-10-27,,2009-01-26,,,,,,,2008-05-06,,,2006-05-22,,,,2013-07-22,,2018-04-26,,,2016-08-01,,,2014-11-04,2017-06-27,2015-04-23,,,,,2017-05-10,,,2015-04-30,,2012-07-19,,,2010-09-30,,2018-04-30,2018-08-01,2016-06-08,,2014-11-19,2017-04-26,,,2008-01-11,2017-08-09,,,,2016-07-08,,2014-03-31,2011-07-05,,,,2004-08-05,2009-10-20,,2017-09-12,2014-02-26,,,,2018-02-08,2018-08-02,2007-02-23,2018-02-15,2013-10-29,2007-07-05,2010-10-01,,,2011-04-11,,2010-09-08,2018-08-15
2019-09-05,2014-06-25,,,,2006-11-13,2017-02-01,,,,2014-12-03,,2017-03-21,,,2011-06-10,2012-07-10,,2017-01-27,,,2017-04-13,,2014-10-29,2019-06-12,2010-07-28,,2007-03-30,,,,,,,2014-05-27,,,2006-05-01,,,,2018-02-13,,2017-10-23,,,2014-03-11,,,2015-07-17,2017-05-03,2014-07-24,,,,,2017-03-01,,,2015-02-02,,2012-10-18,,,2010-07-20,,2016-10-27,2018-05-02,2016-07-21,,2015-05-08,2008-05-08,,,2012-07-16,2017-05-10,,,,2016-05-17,,2004-08-02,2011-06-30,,,,2005-03-07,2010-02-03,,2017-06-13,2013-11-12,,,,2017-11-02,2018-05-01,2006-11-03,2017-02-24,2013-03-28,,2005-10-04,,,2011-05-06,,2010-07-23,2018-07-19
2017-12-08,2014-07-22,,,,2005-05-12,2016-11-02,,,,,,2018-04-26,,,2013-01-22,2007-05-18,,2014-05-02,,,2017-01-18,,2016-02-26,2017-10-24,2010-04-28,,2007-08-02,,,,,,,2007-12-06,,,2006-05-01,,,,2013-05-31,,2018-02-08,,,2014-12-22,,,2015-04-20,2015-10-26,2014-04-17,,,,,2016-11-09,,,2015-01-30,,2012-04-19,,,,,2017-01-27,2016-11-10,2016-11-30,,2014-08-06,2013-06-10,,,2010-04-21,2017-02-28,,,,2016-05-02,,2018-09-18,2011-10-28,,,,2004-04-30,2009-07-21,,2016-12-07,2013-09-10,,,,2017-08-02,2018-02-28,2006-04-27,2016-08-09,2013-04-30,,2005-09-16,,,2012-04-05,,2017-09-21,2018-05-23
2015-02-10,2014-02-19,,,,2004-05-06,2016-08-03,,,,,,2016-11-03,,,2012-10-18,2006-11-02,,2016-05-04,,,2017-04-06,,2014-07-30,2017-07-20,2010-02-04,,2007-08-07,,,,,,,2006-05-19,,,2006-05-01,,,,2013-02-07,,2018-03-15,,,2016-07-11,,,2014-10-17,2017-02-08,2015-01-29,,,,,2016-08-09,,,2014-11-04,,2011-10-19,,,,,2016-07-28,2018-10-01,2016-03-10,,2014-05-08,2010-01-11,,,2008-02-22,2016-07-12,,,,2016-02-04,,2002-07-12,2006-09-13,,,,2005-04-07,2009-04-21,,2016-09-14,2014-04-30,,,,2017-05-03,2017-10-23,2006-07-27,2016-11-07,2014-05-21,,,,,2011-02-15,,2010-05-28,2018-04-16
2015-02-04,2014-01-22,,,,2006-02-17,2016-05-04,,,,,,2017-10-25,,,2012-07-19,2006-05-18,,2019-07-30,,,2016-10-14,,2014-12-12,2017-04-25,2009-10-28,,2006-09-14,,,,,,,2009-02-27,,,2006-05-01,,,,2012-09-19,,2017-07-27,,,2014-03-03,,,2015-01-16,2016-11-02,2014-01-23,,,,,2016-05-09,,,2014-05-06,,2012-01-19,,,,,2016-04-28,2018-02-13,2015-08-06,,2014-02-10,2007-08-17,,,2015-11-02,2016-11-03,,,,2015-11-20,,,2006-12-27,,,,2004-01-22,2008-08-05,,2016-06-01,2013-02-12,,,,2016-08-30,2017-12-04,2005-10-28,2016-05-10,2016-10-24,,,,,2008-10-31,,2013-05-13,2018-02-12
2014-02-18,2019-02-19,,,,2003-11-07,2015-08-03,,,,,,2016-08-04,,,2012-04-19,2009-04-13,,,,,2016-07-15,,2013-11-04,2017-01-24,2009-07-29,,2009-01-09,,,,,,,2007-05-29,,,2006-05-01,,,,2012-09-24,,2017-04-27,,,2014-04-10,,,2014-10-17,2016-08-03,2014-10-16,,,,,2016-02-29,,,2014-08-06,,2013-01-18,,,,,2016-01-28,2017-11-01,2016-04-21,,2014-01-28,2007-11-16,,,2007-10-04,2016-08-09,,,,2016-04-22,,,2006-06-12,,,,2008-12-23,2009-02-05,,2016-05-17,2014-01-29,,,,2016-11-02,2017-09-11,2006-02-10,2015-10-27,2018-03-09,,,,,2008-08-05,,2012-04-02,2018-01-22
2014-02-11,2014-07-16,,,,2003-08-08,2015-11-02,,,,,,2018-01-30,,,2011-10-19,2004-07-23,,,,,2016-04-15,,2013-08-05,2016-06-23,2010-05-17,,2007-02-07,,,,,,,2009-05-15,,,2006-05-01,,,,2012-07-19,,2017-02-02,,,2017-07-07,,,2014-07-21,2016-05-04,2013-10-17,,,,,2015-11-09,,,2016-01-26,,2011-07-21,,,,,2015-10-29,2017-08-02,2015-09-17,,2014-10-07,2008-05-02,,,,2014-05-12,,,,2016-01-22,,,2006-03-15,,,,,2008-12-17,,2016-02-10,2012-12-04,,,,2016-08-02,2017-10-31,2005-04-29,2019-03-26,2012-03-30,,,,,2009-04-23,,2019-11-12,2017-11-02
2013-02-12,2013-10-22,,,,2008-02-15,2016-02-03,,,,,,2017-07-27,,,2012-01-24,2005-09-30,,,,,2016-04-12,,2013-05-01,2016-10-25,2009-04-29,,2007-04-19,,,,,,,2002-08-28,,,2006-05-01,,,,2012-04-25,,2016-07-28,,,2014-04-17,,,2014-01-21,2015-06-02,2017-05-05,,,,,2015-08-10,,,,,2011-04-21,,,,,2015-07-29,2018-06-04,2016-01-29,,2015-11-09,2007-11-07,,,,2016-03-29,,,,2015-07-27,,,2005-12-13,,,,,2008-06-20,,2015-11-05,2012-11-13,,,,2016-11-18,2018-01-30,2005-07-29,2019-07-09,2013-03-28,,,,,2008-05-20,,2017-03-10,2017-10-16
2013-06-18,2018-02-21,,,,2003-05-07,2015-11-19,,,,,,2017-04-27,,,2011-07-21,2004-11-30,,,,,2016-01-15,,2013-02-05,2016-07-21,2009-02-04,,2006-05-16,,,,,,,2012-09-10,,,2006-04-03,,,,2013-12-23,,2016-10-27,,,2014-05-09,,,2015-08-13,2014-10-15,2016-10-20,,,,,2015-05-11,,,,,2010-10-20,,,,,2015-04-29,2017-05-03,2015-10-30,,2017-05-24,2007-02-13,,,,2014-08-28,,,,2015-05-28,,,2005-09-14,,,,,2008-10-21,,2017-01-20,2013-10-31,,,,2017-06-12,2017-08-03,2004-10-29,2015-08-18,2011-03-29,,,,,2011-02-16,,,2017-07-17
2013-02-13,2012-06-14,,,,2005-11-22,2015-05-05,,,,,,2017-01-31,,,2011-04-21,2004-12-15,,,,,2015-10-15,,2012-10-31,2016-04-26,2008-10-30,,2005-11-16,,,,,,,2012-11-16,,,2006-04-03,,,,,,2016-04-28,,,2013-10-24,,,2014-04-21,2016-02-10,2015-11-24,,,,,2015-03-02,,,,,2011-01-20,,,,,2015-01-29,2017-02-01,2016-04-22,,2014-01-13,2007-05-25,,,,2008-03-20,,,,2015-06-26,,,2005-06-14,,,,,2008-07-22,,2015-06-09,2013-07-30,,,,2016-05-13,2017-02-22,2005-02-11,2016-05-26,2010-03-30,,,,,2008-02-06,,,2017-08-04
2013-06-11,2017-02-27,,,,,2014-10-29,,,,,,2016-10-26,,,2011-01-25,2015-05-12,,,,,2015-07-16,,2012-08-01,2016-01-26,2017-05-12,,2006-08-03,,,,,,,2009-05-21,,,2006-04-03,,,,,,2016-02-04,,,2014-05-21,,,2014-01-17,2014-11-12,,,,,,2014-08-15,,,,,2010-07-21,,,,,2014-07-28,2016-11-02,2015-12-04,,2014-08-26,2007-05-31,,,,2008-10-27,,,,2015-10-16,,,2005-03-15,,,,,2010-02-16,,2016-04-21,2013-04-24,,,,2016-05-02,2013-11-12,2004-07-30,2015-12-21,2008-11-18,,,,,2008-04-24,,,2017-04-17
2013-03-22,2016-10-12,,,,,2015-02-04,,,,,,2016-02-11,,,2010-07-22,2003-10-27,,,,,2015-04-16,,2012-05-01,2015-10-22,2004-10-15,,2005-09-14,,,,,,,2005-06-17,,,2006-04-03,,,,,,2018-08-22,,,2014-05-06,,,2014-04-23,2015-11-04,,,,,,2014-11-10,,,,,2010-04-21,,,,,2014-10-29,2017-06-22,2015-01-06,,,2008-08-01,,,,2008-01-18,,,,2015-05-06,,,2004-12-15,,,,,2007-12-07,,2015-02-10,2012-08-13,,,,2016-05-25,2017-12-06,2004-04-30,2014-10-08,2008-08-14,,,,,2008-01-18,,,2017-02-10
2013-03-14,2011-06-08,,,,,2016-11-28,,,,,,2016-04-26,,,2010-10-21,2002-04-30,,,,,2015-04-08,,2012-02-06,2015-07-23,2015-09-10,,2005-10-17,,,,,,,,,,2006-04-03,,,,,,2014-12-29,,,,,,2011-04-27,2014-09-02,,,,,,2014-05-15,,,,,2010-01-20,,,,,2014-01-29,2016-09-29,2017-04-21,,,2006-11-20,,,,2007-10-11,,,,2015-02-06,,,2005-07-20,,,,,2006-09-18,,,2012-07-30,,,,2019-11-25,2012-11-13,2003-10-31,2015-07-24,2010-01-28,,,,,2007-01-09,,,2017-01-30
2012-12-04,2016-02-18,,,,,2014-07-30,,,,,,2016-07-26,,,2010-04-23,,,,,,2016-03-09,,2013-05-24,2015-03-06,2018-01-09,,2005-02-24,,,,,,,,,,2006-04-03,,,,,,2013-04-18,,,,,,2011-04-27,2015-08-05,,,,,,2014-03-05,,,,,2009-10-21,,,,,2014-04-28,2015-04-30,2013-10-16,,,2010-01-19,,,,2007-12-27,,,,2015-03-23,,,2004-09-21,,,,,2006-10-03,,,2013-01-30,,,,2017-06-21,2009-06-02,2003-08-01,2015-08-07,2009-03-30,,,,,2008-01-16,,,2016-11-14
2012-11-19,2014-07-25,,,,,2014-05-06,,,,,,2016-02-02,,,2010-01-26,,,,,,2015-01-15,,2008-12-09,2015-04-23,2017-10-18,,2006-02-09,,,,,,,,,,2006-02-24,,,,,,2012-03-23,,,,,,2011-04-04,2015-05-06,,,,,,2014-03-11,,,,,2009-07-22,,,,,2013-10-30,2016-03-24,2015-01-29,,,2008-02-20,,,,2008-01-22,,,,2015-07-17,,,2004-06-15,,,,,,,,2012-10-24,,,,2016-03-31,2010-01-12,2003-05-05,2014-05-07,2008-05-15,,,,,2007-03-26,,,2016-10-17
2012-02-15,2011-11-01,,,,,2014-02-05,,,,,,2015-10-29,,,2009-10-22,,,,,,2014-10-14,,2010-05-24,2015-01-22,,,2004-06-03,,,,,,,,,,2006-02-24,,,,,,2017-12-04,,,,,,2010-08-04,2014-12-16,,,,,,2014-04-01,,,,,2009-04-22,,,,,2013-07-29,2015-12-14,2013-11-12,,,2005-09-09,,,,2007-11-13,,,,2015-04-17,,,2004-03-16,,,,,,,,2012-07-26,,,,2016-02-11,2010-02-05,2009-09-21,2016-06-09,2008-04-24,,,,,2007-04-02,,,2016-08-10
2012-05-09,2014-01-28,,,,,2013-10-30,,,,,,2015-07-28,,,2009-07-30,,,,,,2014-07-14,,2008-10-30,2014-09-15,,,2005-08-03,,,,,,,,,,2006-02-24,,,,,,2012-08-01,,,,,,2011-03-23,2015-02-11,,,,,,2019-03-08,,,,,2008-09-16,,,,,2013-01-29,2014-05-01,2013-08-09,,,2004-11-22,,,,2005-02-22,,,,2014-12-10,,,2003-07-14,,,,,,,,2016-08-08,,,,2016-03-16,2012-05-04,2006-11-29,,2008-02-07,,,,,,,,2016-07-18
2012-08-09,2009-10-23,,,,,2013-07-31,,,,,,2014-07-30,,,2009-04-30,,,,,,2014-04-02,,2007-08-21,2014-10-16,,,2005-07-25,,,,,,,,,,2006-02-24,,,,,,2011-10-07,,,,,,2011-01-21,2014-11-05,,,,,,2014-02-19,,,,,2008-12-17,,,,,2013-04-29,2013-03-04,2015-03-16,,,2004-12-01,,,,2010-06-08,,,,2014-11-12,,,2005-01-18,,,,,,,,2012-07-02,,,,2015-11-17,2015-07-08,,,2007-05-11,,,,,,,,2017-11-09
2011-02-08,2010-01-08,,,,,2013-08-08,,,,,,2014-12-23,,,2008-01-22,,,,,,2014-04-14,,2008-05-29,2014-07-17,,,2005-02-03,,,,,,,,,,2006-07-06,,,,,,2012-05-02,,,,,,2011-03-24,2014-08-06,,,,,,2018-07-23,,,,,2008-03-19,,,,,,2012-03-23,2013-07-01,,,2002-02-22,,,,2012-03-20,,,,2015-01-23,,,2011-09-02,,,,,,,,2014-07-30,,,,2016-06-08,2006-04-27,,,2006-02-27,,,,,,,,2016-04-20
2009-09-16,2011-06-20,,,,,2013-05-01,,,,,,2014-05-01,,,2009-06-02,,,,,,2014-03-03,,2007-10-31,2014-03-21,,,2003-07-22,,,,,,,,,,2006-09-01,,,,,,2014-04-28,,,,,,2010-10-21,2013-05-23,,,,,,2016-11-02,,,,,2008-06-18,,,,,,2011-12-05,,,,2004-05-26,,,,2017-09-26,,,,2014-10-17,,,2004-04-22,,,,,,,,,,,,2015-11-02,2006-12-06,,,2007-08-15,,,,,,,,2016-05-09
2008-12-04,2012-02-13,,,,,2013-01-04,,,,,,2013-06-28,,,2009-01-27,,,,,,2014-01-16,,2006-05-03,2014-04-16,,,2005-04-26,,,,,,,,,,2005-05-03,,,,,,2012-02-07,,,,,,2010-01-06,2014-05-07,,,,,,2011-08-15,,,,,2007-12-19,,,,,,2011-03-21,,,,2008-03-03,,,,2018-02-15,,,,2014-09-22,,,2003-10-31,,,,,,,,,,,,2018-01-22,2003-07-30,,,2005-03-14,,,,,,,,2016-01-26
2010-02-11,2010-05-13,,,,,2013-02-06,,,,,,2013-08-20,,,2008-10-22,,,,,,2013-10-15,,2006-03-02,2013-09-16,,,2003-09-09,,,,,,,,,,2005-05-03,,,,,,2011-11-02,,,,,,2011-09-28,2014-02-12,,,,,,2011-05-23,,,,,2007-09-19,,,,,,2011-10-27,,,,2006-11-27,,,,2007-02-12,,,,2015-09-15,,,2003-07-22,,,,,,,,,,,,2015-08-24,2012-08-22,,,2005-09-14,,,,,,,,2016-03-11
2008-12-10,2011-08-26,,,,,2012-07-31,,,,,,2013-02-05,,,2008-07-23,,,,,,2013-09-10,,2005-03-31,2014-01-16,,,2004-02-04,,,,,,,,,,2005-05-03,,,,,,2011-08-03,,,,,,2010-03-05,2013-11-06,,,,,,2010-11-09,,,,,2007-06-20,,,,,,2011-06-23,,,,2005-04-28,,,,2008-03-12,,,,2014-08-11,,,2003-03-17,,,,,,,,,,,,2016-02-02,,,,2006-05-31,,,,,,,,2015-10-22
2009-05-06,2009-08-17,,,,,2012-10-31,,,,,,2012-03-14,,,2008-04-24,,,,,,2013-06-28,,2004-11-18,2013-06-12,,,2004-08-05,,,,,,,,,,2005-04-01,,,,,,2011-02-02,,,,,,2010-07-22,2013-08-07,,,,,,2010-11-01,,,,,2008-10-03,,,,,,2011-03-01,,,,,,,,,,,,2014-11-19,,,2007-05-23,,,,,,,,,,,,2015-08-03,,,,2007-01-12,,,,,,,,2015-11-02
2008-02-12,2011-03-31,,,,,2012-05-02,,,,,,2013-11-20,,,2008-01-29,,,,,,2013-07-15,,2005-10-17,2013-10-17,,,2005-01-24,,,,,,,,,,2005-04-01,,,,,,2011-05-02,,,,,,2010-04-21,2013-07-31,,,,,,2010-10-18,,,,,2007-03-21,,,,,,2010-01-29,,,,,,,,,,,,,,,,,,,,,,,,,,,2016-01-26,,,,2005-04-26,,,,,,,,2015-07-20
2009-02-10,2009-10-01,,,,,2011-06-01,,,,,,2011-02-01,,,2007-10-25,,,,,,2013-04-05,,2004-05-07,2013-05-21,,,2001-12-05,,,,,,,,,,2005-04-01,,,,,,2010-09-27,,,,,,2010-09-14,2013-05-30,,,,,,2010-08-11,,,,,2006-12-19,,,,,,2009-12-07,,,,,,,,,,,,,,,,,,,,,,,,,,,2015-05-12,,,,2005-09-27,,,,,,,,2015-08-31
2009-02-04,2010-08-12,,,,,2011-04-19,,,,,,2010-05-24,,,2007-07-26,,,,,,2013-04-15,,2003-05-09,2013-07-18,,,2003-10-27,,,,,,,,,,2006-08-01,,,,,,2010-03-16,,,,,,2010-01-22,2017-12-21,,,,,,2010-08-11,,,,,2008-10-17,,,,,,2010-08-02,,,,,,,,,,,,,,,,,,,,,,,,,,,2015-04-30,,,,2007-04-16,,,,,,,,2015-05-14
2008-01-23,2008-05-12,,,,,2012-02-01,,,,,,2010-03-10,,,2008-05-13,,,,,,2013-01-17,,,2013-03-15,,,2003-07-28,,,,,,,,,,2000-11-17,,,,,,2012-04-05,,,,,,2009-10-22,2013-05-07,,,,,,2009-10-29,,,,,2008-10-30,,,,,,2010-08-05,,,,,,,,,,,,,,,,,,,,,,,,,,,2014-11-03,,,,2012-06-11,,,,,,,,2015-04-21
2007-02-13,2009-12-09,,,,,2011-10-31,,,,,,2010-05-03,,,2007-04-26,,,,,,2013-11-13,,,2013-03-08,,,2001-12-03,,,,,,,,,,2006-09-29,,,,,,2012-04-06,,,,,,2009-07-22,,,,,,,2009-04-27,,,,,2006-09-20,,,,,,2009-02-10,,,,,,,,,,,,,,,,,,,,,,,,,,,2015-03-10,,,,2004-06-07,,,,,,,,2015-01-20
2006-02-16,2008-02-14,,,,,2011-08-01,,,,,,2010-02-09,,,2007-02-01,,,,,,2014-06-13,,,2012-12-05,,,2003-08-07,,,,,,,,,,2006-11-02,,,,,,2009-10-23,,,,,,2008-09-08,,,,,,,2016-12-20,,,,,2006-06-21,,,,,,2008-12-08,,,,,,,,,,,,,,,,,,,,,,,,,,,2015-02-12,,,,2013-05-30,,,,,,,,2015-02-18
2008-06-30,2008-12-24,,,,,2012-01-11,,,,,,2010-02-04,,,2006-10-26,,,,,,2012-10-15,,,2012-11-27,,,2002-10-28,,,,,,,,,,2000-11-07,,,,,,2009-06-26,,,,,,2009-04-23,,,,,,,2019-07-01,,,,,2006-03-22,,,,,,2008-06-19,,,,,,,,,,,,,,,,,,,,,,,,,,,2014-08-04,,,,,,,,,,,,2014-09-02
2005-06-09,2007-12-13,,,,,2012-05-23,,,,,,2010-05-07,,,2006-07-27,,,,,,2012-07-16,,,2012-11-13,,,2001-07-18,,,,,,,,,,2003-02-19,,,,,,2006-01-26,,,,,,2008-11-13,,,,,,,2017-03-21,,,,,2005-12-20,,,,,,2008-10-08,,,,,,,,,,,,,,,,,,,,,,,,,,,2014-08-08,,,,,,,,,,,,2014-07-23
2006-08-28,2008-01-17,,,,,2013-06-07,,,,,,2011-03-25,,,2006-05-02,,,,,,2012-03-26,,,2013-04-18,,,2002-08-01,,,,,,,,,,2003-05-02,,,,,,2005-04-28,,,,,,2008-02-15,,,,,,,2012-05-18,,,,,2005-09-21,,,,,,2007-12-03,,,,,,,,,,,,,,,,,,,,,,,,,,,2014-05-14,,,,,,,,,,,,2015-07-20
2008-06-17,2014-10-09,,,,,2011-04-27,,,,,,2010-10-13,,,2006-02-02,,,,,,2012-04-16,,,2012-09-11,,,2003-02-06,,,,,,,,,,,,,,,,2010-03-23,,,,,,2009-01-05,,,,,,,2014-04-04,,,,,2005-06-13,,,,,,2007-06-20,,,,,,,,,,,,,,,,,,,,,,,,,,,2014-05-05,,,,,,,,,,,,2014-10-20
2004-07-29,2009-07-30,,,,,2009-11-04,,,,,,2010-08-06,,,2005-10-27,,,,,,2012-01-17,,,2012-06-13,,,2001-07-23,,,,,,,,,,,,,,,,2005-07-19,,,,,,2008-04-22,,,,,,,2011-07-27,,,,,2005-12-15,,,,,,2006-12-06,,,,,,,,,,,,,,,,,,,,,,,,,,,2014-03-03,,,,,,,,,,,,2016-09-02
2010-10-01,2008-11-06,,,,,2009-08-05,,,,,,2009-05-29,,,2005-07-28,,,,,,2011-07-15,,,2013-01-17,,,2001-08-01,,,,,,,,,,,,,,,,2002-09-17,,,,,,2009-01-02,,,,,,,2012-10-01,,,,,2005-06-22,,,,,,2006-06-01,,,,,,,,,,,,,,,,,,,,,,,,,,,2014-02-13,,,,,,,,,,,,2012-11-15
2008-05-16,2009-09-11,,,,,2010-10-27,,,,,,2010-01-12,,,2005-05-03,,,,,,2011-10-17,,,2012-05-31,,,2002-01-28,,,,,,,,,,,,,,,,2003-05-30,,,,,,2007-11-14,,,,,,,,,,,,2005-03-17,,,,,,2008-11-14,,,,,,,,,,,,,,,,,,,,,,,,,,,2014-02-13,,,,,,,,,,,,2008-09-03
,2006-05-15,,,,,2011-02-09,,,,,,2009-07-01,,,2004-08-03,,,,,,2013-05-17,,,2012-05-14,,,,,,,,,,,,,,,,,,,2013-08-09,,,,,,2007-05-15,,,,,,,,,,,,2004-12-21,,,,,,2010-11-02,,,,,,,,,,,,,,,,,,,,,,,,,,,2013-11-13,,,,,,,,,,,,2010-03-19
,2005-11-08,,,,,2011-05-18,,,,,,2009-04-17,,,2005-05-13,,,,,,2011-04-18,,,2012-10-18,,,,,,,,,,,,,,,,,,,,,,,,,2009-01-22,,,,,,,,,,,,2008-01-10,,,,,,2005-12-05,,,,,,,,,,,,,,,,,,,,,,,,,,,2013-10-31,,,,,,,,,,,,
,2009-11-16,,,,,2010-04-28,,,,,,2009-03-25,,,2004-07-23,,,,,,2011-01-18,,,2012-07-18,,,,,,,,,,,,,,,,,,,,,,,,,2008-03-04,,,,,,,,,,,,2004-03-18,,,,,,2009-06-12,,,,,,,,,,,,,,,,,,,,,,,,,,,2013-08-13,,,,,,,,,,,,
,2009-12-16,,,,,2010-08-04,,,,,,2007-07-30,,,2005-02-01,,,,,,2010-10-18,,,2012-03-07,,,,,,,,,,,,,,,,,,,,,,,,,2007-04-17,,,,,,,,,,,,2004-09-22,,,,,,2005-05-25,,,,,,,,,,,,,,,,,,,,,,,,,,,2013-08-01,,,,,,,,,,,,
,2004-06-09,,,,,2010-02-10,,,,,,2006-12-01,,,2004-10-28,,,,,,2011-02-01,,,2012-02-16,,,,,,,,,,,,,,,,,,,,,,,,,2007-04-02,,,,,,,,,,,,2003-05-30,,,,,,2007-06-25,,,,,,,,,,,,,,,,,,,,,,,,,,,2017-02-14,,,,,,,,,,,,
,2005-01-06,,,,,2009-01-28,,,,,,2007-03-28,,,2004-01-29,,,,,,2010-07-16,,,2012-02-08,,,,,,,,,,,,,,,,,,,,,,,,,2007-04-17,,,,,,,,,,,,2004-06-22,,,,,,2005-01-31,,,,,,,,,,,,,,,,,,,,,,,,,,,2013-05-02,,,,,,,,,,,,
,2007-10-23,,,,,2008-07-25,,,,,,2006-06-26,,,2004-08-05,,,,,,2010-04-13,,,2011-12-07,,,,,,,,,,,,,,,,,,,,,,,,,2006-11-03,,,,,,,,,,,,2003-12-18,,,,,,2004-12-06,,,,,,,,,,,,,,,,,,,,,,,,,,,2013-02-21,,,,,,,,,,,,
,2009-10-02,,,,,2008-07-24,,,,,,2006-05-23,,,2004-04-29,,,,,,2010-04-19,,,2011-11-29,,,,,,,,,,,,,,,,,,,,,,,,,2012-08-01,,,,,,,,,,,,2007-04-10,,,,,,2005-07-08,,,,,,,,,,,,,,,,,,,,,,,,,,,2012-11-01,,,,,,,,,,,,
,2009-10-19,,,,,2006-11-13,,,,,,2006-05-16,,,2002-03-05,,,,,,2010-01-19,,,2011-11-15,,,,,,,,,,,,,,,,,,,,,,,,,2006-09-13,,,,,,,,,,,,2003-06-18,,,,,,2003-12-16,,,,,,,,,,,,,,,,,,,,,,,,,,,2012-08-02,,,,,,,,,,,,
,2002-07-10,,,,,2005-09-15,,,,,,2006-05-09,,,2003-11-17,,,,,,2010-09-30,,,2011-11-03,,,,,,,,,,,,,,,,,,,,,,,,,2006-11-16,,,,,,,,,,,,2003-09-23,,,,,,2002-08-29,,,,,,,,,,,,,,,,,,,,,,,,,,,2016-08-16,,,,,,,,,,,,
,2014-10-09,,,,,2006-02-01,,,,,,2006-04-24,,,2005-04-12,,,,,,2009-10-15,,,2012-04-19,,,,,,,,,,,,,,,,,,,,,,,,,2006-04-17,,,,,,,,,,,,2009-08-25,,,,,,2002-12-11,,,,,,,,,,,,,,,,,,,,,,,,,,,2013-08-09,,,,,,,,,,,,
,2016-09-26,,,,,2005-04-20,,,,,,2006-05-03,,,2003-03-06,,,,,,2012-05-25,,,2011-09-14,,,,,,,,,,,,,,,,,,,,,,,,,2005-11-02,,,,,,,,,,,,2004-10-28,,,,,,2005-02-04,,,,,,,,,,,,,,,,,,,,,,,,,,,2012-05-03,,,,,,,,,,,,
,,,,,,2011-05-23,,,,,,2006-12-15,,,2006-09-29,,,,,,2009-05-11,,,2011-08-10,,,,,,,,,,,,,,,,,,,,,,,,,2006-10-25,,,,,,,,,,,,2007-10-26,,,,,,2010-03-11,,,,,,,,,,,,,,,,,,,,,,,,,,,2015-06-04,,,,,,,,,,,,
,,,,,,2013-07-22,,,,,,2005-09-27,,,2017-06-20,,,,,,2009-07-17,,,2012-01-19,,,,,,,,,,,,,,,,,,,,,,,,,2006-01-18,,,,,,,,,,,,2017-01-11,,,,,,2005-06-22,,,,,,,,,,,,,,,,,,,,,,,,,,,2012-02-23,,,,,,,,,,,,
,,,,,,2008-09-19,,,,,,2005-08-25,,,2002-08-01,,,,,,2009-02-27,,,2011-10-20,,,,,,,,,,,,,,,,,,,,,,,,,2006-12-06,,,,,,,,,,,,2005-10-12,,,,,,2016-11-18,,,,,,,,,,,,,,,,,,,,,,,,,,,2012-12-10,,,,,,,,,,,,
,,,,,,2012-05-02,,,,,,2005-05-24,,,2014-09-10,,,,,,2010-03-17,,,2011-06-16,,,,,,,,,,,,,,,,,,,,,,,,,2006-06-06,,,,,,,,,,,,,,,,,,2017-11-20,,,,,,,,,,,,,,,,,,,,,,,,,,,2013-05-03,,,,,,,,,,,,
,,,,,,2019-05-16,,,,,,2005-03-17,,,2014-09-10,,,,,,2009-04-17,,,2011-04-21,,,,,,,,,,,,,,,,,,,,,,,,,2005-10-18,,,,,,,,,,,,,,,,,,2015-05-21,,,,,,,,,,,,,,,,,,,,,,,,,,,2010-09-27,,,,,,,,,,,,
,,,,,,,,,,,,2009-05-22,,,2017-06-20,,,,,,2010-06-25,,,2011-01-20,,,,,,,,,,,,,,,,,,,,,,,,,2005-07-19,,,,,,,,,,,,,,,,,,2012-11-16,,,,,,,,,,,,,,,,,,,,,,,,,,,2010-07-15,,,,,,,,,,,,
,,,,,,,,,,,,2005-01-18,,,,,,,,,2009-01-16,,,2010-10-19,,,,,,,,,,,,,,,,,,,,,,,,,2005-04-18,,,,,,,,,,,,,,,,,,2012-05-23,,,,,,,,,,,,,,,,,,,,,,,,,,,2013-01-24,,,,,,,,,,,,
,,,,,,,,,,,,2005-02-15,,,,,,,,,2009-12-24,,,2010-07-22,,,,,,,,,,,,,,,,,,,,,,,,,2004-11-12,,,,,,,,,,,,,,,,,,,,,,,,,,,,,,,,,,,,,,,,,,,,,2010-10-18,,,,,,,,,,,,
,,,,,,,,,,,,2004-10-15,,,,,,,,,2009-10-13,,,2010-04-22,,,,,,,,,,,,,,,,,,,,,,,,,2005-01-20,,,,,,,,,,,,,,,,,,,,,,,,,,,,,,,,,,,,,,,,,,,,,2010-05-17,,,,,,,,,,,,
,,,,,,,,,,,,2011-03-04,,,,,,,,,2008-10-16,,,2010-01-21,,,,,,,,,,,,,,,,,,,,,,,,,2004-06-03,,,,,,,,,,,,,,,,,,,,,,,,,,,,,,,,,,,,,,,,,,,,,2011-01-14,,,,,,,,,,,,
,,,,,,,,,,,,2006-04-03,,,,,,,,,2008-09-30,,,2009-05-08,,,,,,,,,,,,,,,,,,,,,,,,,2004-07-12,,,,,,,,,,,,,,,,,,,,,,,,,,,,,,,,,,,,,,,,,,,,,2013-12-16,,,,,,,,,,,,
,,,,,,,,,,,,2006-06-02,,,,,,,,,2008-12-31,,,2009-05-07,,,,,,,,,,,,,,,,,,,,,,,,,2004-04-08,,,,,,,,,,,,,,,,,,,,,,,,,,,,,,,,,,,,,,,,,,,,,2010-08-02,,,,,,,,,,,,
,,,,,,,,,,,,2004-11-10,,,,,,,,,2009-01-23,,,2009-10-22,,,,,,,,,,,,,,,,,,,,,,,,,2003-01-10,,,,,,,,,,,,,,,,,,,,,,,,,,,,,,,,,,,,,,,,,,,,,2009-08-17,,,,,,,,,,,,
,,,,,,,,,,,,2006-11-30,,,,,,,,,2009-07-30,,,2009-07-23,,,,,,,,,,,,,,,,,,,,,,,,,2004-01-12,,,,,,,,,,,,,,,,,,,,,,,,,,,,,,,,,,,,,,,,,,,,,2010-03-05,,,,,,,,,,,,
,,,,,,,,,,,,2010-01-05,,,,,,,,,2008-07-18,,,2009-12-09,,,,,,,,,,,,,,,,,,,,,,,,,2003-04-10,,,,,,,,,,,,,,,,,,,,,,,,,,,,,,,,,,,,,,,,,,,,,2010-12-08,,,,,,,,,,,,
,,,,,,,,,,,,2009-01-02,,,,,,,,,2008-05-09,,,2009-04-21,,,,,,,,,,,,,,,,,,,,,,,,,2003-07-10,,,,,,,,,,,,,,,,,,,,,,,,,,,,,,,,,,,,,,,,,,,,,2009-01-23,,,,,,,,,,,,
,,,,,,,,,,,,2012-08-03,,,,,,,,,2008-07-02,,,2009-01-22,,,,,,,,,,,,,,,,,,,,,,,,,2003-10-09,,,,,,,,,,,,,,,,,,,,,,,,,,,,,,,,,,,,,,,,,,,,,2010-10-04,,,,,,,,,,,,
,,,,,,,,,,,,2016-05-05,,,,,,,,,2008-10-30,,,2012-03-14,,,,,,,,,,,,,,,,,,,,,,,,,2005-04-22,,,,,,,,,,,,,,,,,,,,,,,,,,,,,,,,,,,,,,,,,,,,,2009-04-20,,,,,,,,,,,,
,,,,,,,,,,,,2013-07-09,,,,,,,,,2008-04-18,,,2008-10-16,,,,,,,,,,,,,,,,,,,,,,,,,2004-05-20,,,,,,,,,,,,,,,,,,,,,,,,,,,,,,,,,,,,,,,,,,,,,2009-06-29,,,,,,,,,,,,
,,,,,,,,,,,,,,,,,,,,,2008-01-15,,,2008-07-17,,,,,,,,,,,,,,,,,,,,,,,,,2006-12-21,,,,,,,,,,,,,,,,,,,,,,,,,,,,,,,,,,,,,,,,,,,,,2009-04-20,,,,,,,,,,,,
,,,,,,,,,,,,,,,,,,,,,2007-11-14,,,2007-11-06,,,,,,,,,,,,,,,,,,,,,,,,,2005-05-31,,,,,,,,,,,,,,,,,,,,,,,,,,,,,,,,,,,,,,,,,,,,,2008-11-26,,,,,,,,,,,,
,,,,,,,,,,,,,,,,,,,,,2009-01-16,,,2007-11-06,,,,,,,,,,,,,,,,,,,,,,,,,2008-03-18,,,,,,,,,,,,,,,,,,,,,,,,,,,,,,,,,,,,,,,,,,,,,2009-06-25,,,,,,,,,,,,
,,,,,,,,,,,,,,,,,,,,,2007-10-01,,,2008-04-17,,,,,,,,,,,,,,,,,,,,,,,,,,,,,,,,,,,,,,,,,,,,,,,,,,,,,,,,,,,,,,,,,,,,,,2007-03-01,,,,,,,,,,,,
,,,,,,,,,,,,,,,,,,,,,2008-08-14,,,2008-01-23,,,,,,,,,,,,,,,,,,,,,,,,,,,,,,,,,,,,,,,,,,,,,,,,,,,,,,,,,,,,,,,,,,,,,,2005-03-30,,,,,,,,,,,,
,,,,,,,,,,,,,,,,,,,,,2007-10-15,,,2007-10-18,,,,,,,,,,,,,,,,,,,,,,,,,,,,,,,,,,,,,,,,,,,,,,,,,,,,,,,,,,,,,,,,,,,,,,2004-10-04,,,,,,,,,,,,
,,,,,,,,,,,,,,,,,,,,,2007-07-20,,,2007-07-19,,,,,,,,,,,,,,,,,,,,,,,,,,,,,,,,,,,,,,,,,,,,,,,,,,,,,,,,,,,,,,,,,,,,,,2006-02-09,,,,,,,,,,,,
,,,,,,,,,,,,,,,,,,,,,2007-11-27,,,2007-04-19,,,,,,,,,,,,,,,,,,,,,,,,,,,,,,,,,,,,,,,,,,,,,,,,,,,,,,,,,,,,,,,,,,,,,,2010-10-04,,,,,,,,,,,,
,,,,,,,,,,,,,,,,,,,,,2007-04-16,,,2007-01-19,,,,,,,,,,,,,,,,,,,,,,,,,,,,,,,,,,,,,,,,,,,,,,,,,,,,,,,,,,,,,,,,,,,,,,2008-05-16,,,,,,,,,,,,
,,,,,,,,,,,,,,,,,,,,,2007-12-21,,,2006-10-18,,,,,,,,,,,,,,,,,,,,,,,,,,,,,,,,,,,,,,,,,,,,,,,,,,,,,,,,,,,,,,,,,,,,,,2010-03-11,,,,,,,,,,,,
,,,,,,,,,,,,,,,,,,,,,2007-01-19,,,2008-11-18,,,,,,,,,,,,,,,,,,,,,,,,,,,,,,,,,,,,,,,,,,,,,,,,,,,,,,,,,,,,,,,,,,,,,,2012-05-04,,,,,,,,,,,,
,,,,,,,,,,,,,,,,,,,,,2007-08-17,,,2006-07-20,,,,,,,,,,,,,,,,,,,,,,,,,,,,,,,,,,,,,,,,,,,,,,,,,,,,,,,,,,,,,,,,,,,,,,,,,,,,,,,,,,
,,,,,,,,,,,,,,,,,,,,,2006-10-19,,,2011-06-22,,,,,,,,,,,,,,,,,,,,,,,,,,,,,,,,,,,,,,,,,,,,,,,,,,,,,,,,,,,,,,,,,,,,,,,,,,,,,,,,,,
,,,,,,,,,,,,,,,,,,,,,2006-07-17,,,2006-04-20,,,,,,,,,,,,,,,,,,,,,,,,,,,,,,,,,,,,,,,,,,,,,,,,,,,,,,,,,,,,,,,,,,,,,,,,,,,,,,,,,,
,,,,,,,,,,,,,,,,,,,,,2007-03-08,,,2006-01-19,,,,,,,,,,,,,,,,,,,,,,,,,,,,,,,,,,,,,,,,,,,,,,,,,,,,,,,,,,,,,,,,,,,,,,,,,,,,,,,,,,
,,,,,,,,,,,,,,,,,,,,,2006-04-04,,,2006-03-13,,,,,,,,,,,,,,,,,,,,,,,,,,,,,,,,,,,,,,,,,,,,,,,,,,,,,,,,,,,,,,,,,,,,,,,,,,,,,,,,,,
,,,,,,,,,,,,,,,,,,,,,2006-11-22,,,2005-09-08,,,,,,,,,,,,,,,,,,,,,,,,,,,,,,,,,,,,,,,,,,,,,,,,,,,,,,,,,,,,,,,,,,,,,,,,,,,,,,,,,,
,,,,,,,,,,,,,,,,,,,,,2006-04-17,,,2005-10-21,,,,,,,,,,,,,,,,,,,,,,,,,,,,,,,,,,,,,,,,,,,,,,,,,,,,,,,,,,,,,,,,,,,,,,,,,,,,,,,,,,
,,,,,,,,,,,,,,,,,,,,,2006-07-17,,,2009-11-13,,,,,,,,,,,,,,,,,,,,,,,,,,,,,,,,,,,,,,,,,,,,,,,,,,,,,,,,,,,,,,,,,,,,,,,,,,,,,,,,,,
,,,,,,,,,,,,,,,,,,,,,2006-11-28,,,2005-07-20,,,,,,,,,,,,,,,,,,,,,,,,,,,,,,,,,,,,,,,,,,,,,,,,,,,,,,,,,,,,,,,,,,,,,,,,,,,,,,,,,,
,,,,,,,,,,,,,,,,,,,,,2006-01-13,,,2009-08-06,,,,,,,,,,,,,,,,,,,,,,,,,,,,,,,,,,,,,,,,,,,,,,,,,,,,,,,,,,,,,,,,,,,,,,,,,,,,,,,,,,
,,,,,,,,,,,,,,,,,,,,,2007-07-02,,,2005-04-20,,,,,,,,,,,,,,,,,,,,,,,,,,,,,,,,,,,,,,,,,,,,,,,,,,,,,,,,,,,,,,,,,,,,,,,,,,,,,,,,,,
,,,,,,,,,,,,,,,,,,,,,2006-01-20,,,2005-03-07,,,,,,,,,,,,,,,,,,,,,,,,,,,,,,,,,,,,,,,,,,,,,,,,,,,,,,,,,,,,,,,,,,,,,,,,,,,,,,,,,,
,,,,,,,,,,,,,,,,,,,,,2005-10-17,,,2005-01-19,,,,,,,,,,,,,,,,,,,,,,,,,,,,,,,,,,,,,,,,,,,,,,,,,,,,,,,,,,,,,,,,,,,,,,,,,,,,,,,,,,
,,,,,,,,,,,,,,,,,,,,,2005-07-14,,,2004-10-20,,,,,,,,,,,,,,,,,,,,,,,,,,,,,,,,,,,,,,,,,,,,,,,,,,,,,,,,,,,,,,,,,,,,,,,,,,,,,,,,,,
,,,,,,,,,,,,,,,,,,,,,2005-06-24,,,2004-07-21,,,,,,,,,,,,,,,,,,,,,,,,,,,,,,,,,,,,,,,,,,,,,,,,,,,,,,,,,,,,,,,,,,,,,,,,,,,,,,,,,,
,,,,,,,,,,,,,,,,,,,,,2005-07-18,,,2004-04-21,,,,,,,,,,,,,,,,,,,,,,,,,,,,,,,,,,,,,,,,,,,,,,,,,,,,,,,,,,,,,,,,,,,,,,,,,,,,,,,,,,
,,,,,,,,,,,,,,,,,,,,,2006-09-18,,,2004-01-21,,,,,,,,,,,,,,,,,,,,,,,,,,,,,,,,,,,,,,,,,,,,,,,,,,,,,,,,,,,,,,,,,,,,,,,,,,,,,,,,,,
,,,,,,,,,,,,,,,,,,,,,2006-07-06,,,2003-07-16,,,,,,,,,,,,,,,,,,,,,,,,,,,,,,,,,,,,,,,,,,,,,,,,,,,,,,,,,,,,,,,,,,,,,,,,,,,,,,,,,,
,,,,,,,,,,,,,,,,,,,,,2005-04-14,,,2003-01-17,,,,,,,,,,,,,,,,,,,,,,,,,,,,,,,,,,,,,,,,,,,,,,,,,,,,,,,,,,,,,,,,,,,,,,,,,,,,,,,,,,
,,,,,,,,,,,,,,,,,,,,,2005-09-28,,,2003-10-22,,,,,,,,,,,,,,,,,,,,,,,,,,,,,,,,,,,,,,,,,,,,,,,,,,,,,,,,,,,,,,,,,,,,,,,,,,,,,,,,,,
,,,,,,,,,,,,,,,,,,,,,2005-01-31,,,2003-04-21,,,,,,,,,,,,,,,,,,,,,,,,,,,,,,,,,,,,,,,,,,,,,,,,,,,,,,,,,,,,,,,,,,,,,,,,,,,,,,,,,,
,,,,,,,,,,,,,,,,,,,,,2005-04-15,,,2002-10-17,,,,,,,,,,,,,,,,,,,,,,,,,,,,,,,,,,,,,,,,,,,,,,,,,,,,,,,,,,,,,,,,,,,,,,,,,,,,,,,,,,
,,,,,,,,,,,,,,,,,,,,,2005-01-20,,,2006-01-09,,,,,,,,,,,,,,,,,,,,,,,,,,,,,,,,,,,,,,,,,,,,,,,,,,,,,,,,,,,,,,,,,,,,,,,,,,,,,,,,,,
,,,,,,,,,,,,,,,,,,,,,2004-06-21,,,2002-07-16,,,,,,,,,,,,,,,,,,,,,,,,,,,,,,,,,,,,,,,,,,,,,,,,,,,,,,,,,,,,,,,,,,,,,,,,,,,,,,,,,,
,,,,,,,,,,,,,,,,,,,,,2004-10-14,,,2005-09-15,,,,,,,,,,,,,,,,,,,,,,,,,,,,,,,,,,,,,,,,,,,,,,,,,,,,,,,,,,,,,,,,,,,,,,,,,,,,,,,,,,
,,,,,,,,,,,,,,,,,,,,,2004-05-10,,,2005-03-09,,,,,,,,,,,,,,,,,,,,,,,,,,,,,,,,,,,,,,,,,,,,,,,,,,,,,,,,,,,,,,,,,,,,,,,,,,,,,,,,,,
,,,,,,,,,,,,,,,,,,,,,2005-09-09,,,2006-03-16,,,,,,,,,,,,,,,,,,,,,,,,,,,,,,,,,,,,,,,,,,,,,,,,,,,,,,,,,,,,,,,,,,,,,,,,,,,,,,,,,,
,,,,,,,,,,,,,,,,,,,,,2004-07-15,,,2007-02-08,,,,,,,,,,,,,,,,,,,,,,,,,,,,,,,,,,,,,,,,,,,,,,,,,,,,,,,,,,,,,,,,,,,,,,,,,,,,,,,,,,
,,,,,,,,,,,,,,,,,,,,,2004-03-29,,,2006-08-04,,,,,,,,,,,,,,,,,,,,,,,,,,,,,,,,,,,,,,,,,,,,,,,,,,,,,,,,,,,,,,,,,,,,,,,,,,,,,,,,,,
,,,,,,,,,,,,,,,,,,,,,2004-04-15,,,2006-06-12,,,,,,,,,,,,,,,,,,,,,,,,,,,,,,,,,,,,,,,,,,,,,,,,,,,,,,,,,,,,,,,,,,,,,,,,,,,,,,,,,,
,,,,,,,,,,,,,,,,,,,,,2003-11-04,,,,,,,,,,,,,,,,,,,,,,,,,,,,,,,,,,,,,,,,,,,,,,,,,,,,,,,,,,,,,,,,,,,,,,,,,,,,,,,,,,,,,
,,,,,,,,,,,,,,,,,,,,,2003-11-03,,,,,,,,,,,,,,,,,,,,,,,,,,,,,,,,,,,,,,,,,,,,,,,,,,,,,,,,,,,,,,,,,,,,,,,,,,,,,,,,,,,,,
,,,,,,,,,,,,,,,,,,,,,2004-01-20,,,,,,,,,,,,,,,,,,,,,,,,,,,,,,,,,,,,,,,,,,,,,,,,,,,,,,,,,,,,,,,,,,,,,,,,,,,,,,,,,,,,,
,,,,,,,,,,,,,,,,,,,,,2005-06-07,,,,,,,,,,,,,,,,,,,,,,,,,,,,,,,,,,,,,,,,,,,,,,,,,,,,,,,,,,,,,,,,,,,,,,,,,,,,,,,,,,,,,
,,,,,,,,,,,,,,,,,,,,,2003-10-20,,,,,,,,,,,,,,,,,,,,,,,,,,,,,,,,,,,,,,,,,,,,,,,,,,,,,,,,,,,,,,,,,,,,,,,,,,,,,,,,,,,,,
,,,,,,,,,,,,,,,,,,,,,2005-02-04,,,,,,,,,,,,,,,,,,,,,,,,,,,,,,,,,,,,,,,,,,,,,,,,,,,,,,,,,,,,,,,,,,,,,,,,,,,,,,,,,,,,,
,,,,,,,,,,,,,,,,,,,,,2003-05-27,,,,,,,,,,,,,,,,,,,,,,,,,,,,,,,,,,,,,,,,,,,,,,,,,,,,,,,,,,,,,,,,,,,,,,,,,,,,,,,,,,,,,
,,,,,,,,,,,,,,,,,,,,,2004-01-15,,,,,,,,,,,,,,,,,,,,,,,,,,,,,,,,,,,,,,,,,,,,,,,,,,,,,,,,,,,,,,,,,,,,,,,,,,,,,,,,,,,,,
,,,,,,,,,,,,,,,,,,,,,2003-03-26,,,,,,,,,,,,,,,,,,,,,,,,,,,,,,,,,,,,,,,,,,,,,,,,,,,,,,,,,,,,,,,,,,,,,,,,,,,,,,,,,,,,,
,,,,,,,,,,,,,,,,,,,,,2003-04-11,,,,,,,,,,,,,,,,,,,,,,,,,,,,,,,,,,,,,,,,,,,,,,,,,,,,,,,,,,,,,,,,,,,,,,,,,,,,,,,,,,,,,
,,,,,,,,,,,,,,,,,,,,,2003-04-14,,,,,,,,,,,,,,,,,,,,,,,,,,,,,,,,,,,,,,,,,,,,,,,,,,,,,,,,,,,,,,,,,,,,,,,,,,,,,,,,,,,,,
,,,,,,,,,,,,,,,,,,,,,2003-07-14,,,,,,,,,,,,,,,,,,,,,,,,,,,,,,,,,,,,,,,,,,,,,,,,,,,,,,,,,,,,,,,,,,,,,,,,,,,,,,,,,,,,,
,,,,,,,,,,,,,,,,,,,,,2002-12-04,,,,,,,,,,,,,,,,,,,,,,,,,,,,,,,,,,,,,,,,,,,,,,,,,,,,,,,,,,,,,,,,,,,,,,,,,,,,,,,,,,,,,
,,,,,,,,,,,,,,,,,,,,,2005-06-30,,,,,,,,,,,,,,,,,,,,,,,,,,,,,,,,,,,,,,,,,,,,,,,,,,,,,,,,,,,,,,,,,,,,,,,,,,,,,,,,,,,,,
,,,,,,,,,,,,,,,,,,,,,2004-05-14,,,,,,,,,,,,,,,,,,,,,,,,,,,,,,,,,,,,,,,,,,,,,,,,,,,,,,,,,,,,,,,,,,,,,,,,,,,,,,,,,,,,,
,,,,,,,,,,,,,,,,,,,,,2002-10-16,,,,,,,,,,,,,,,,,,,,,,,,,,,,,,,,,,,,,,,,,,,,,,,,,,,,,,,,,,,,,,,,,,,,,,,,,,,,,,,,,,,,,
,,,,,,,,,,,,,,,,,,,,,2003-01-22,,,,,,,,,,,,,,,,,,,,,,,,,,,,,,,,,,,,,,,,,,,,,,,,,,,,,,,,,,,,,,,,,,,,,,,,,,,,,,,,,,,,,
,,,,,,,,,,,,,,,,,,,,,2002-07-11,,,,,,,,,,,,,,,,,,,,,,,,,,,,,,,,,,,,,,,,,,,,,,,,,,,,,,,,,,,,,,,,,,,,,,,,,,,,,,,,,,,,,
,,,,,,,,,,,,,,,,,,,,,2003-03-12,,,,,,,,,,,,,,,,,,,,,,,,,,,,,,,,,,,,,,,,,,,,,,,,,,,,,,,,,,,,,,,,,,,,,,,,,,,,,,,,,,,,,
,,,,,,,,,,,,,,,,,,,,,2002-07-18,,,,,,,,,,,,,,,,,,,,,,,,,,,,,,,,,,,,,,,,,,,,,,,,,,,,,,,,,,,,,,,,,,,,,,,,,,,,,,,,,,,,,
,,,,,,,,,,,,,,,,,,,,,2002-04-16,,,,,,,,,,,,,,,,,,,,,,,,,,,,,,,,,,,,,,,,,,,,,,,,,,,,,,,,,,,,,,,,,,,,,,,,,,,,,,,,,,,,,
,,,,,,,,,,,,,,,,,,,,,2001-04-10,,,,,,,,,,,,,,,,,,,,,,,,,,,,,,,,,,,,,,,,,,,,,,,,,,,,,,,,,,,,,,,,,,,,,,,,,,,,,,,,,,,,,
,,,,,,,,,,,,,,,,,,,,,2002-01-18,,,,,,,,,,,,,,,,,,,,,,,,,,,,,,,,,,,,,,,,,,,,,,,,,,,,,,,,,,,,,,,,,,,,,,,,,,,,,,,,,,,,,
,,,,,,,,,,,,,,,,,,,,,2001-07-17,,,,,,,,,,,,,,,,,,,,,,,,,,,,,,,,,,,,,,,,,,,,,,,,,,,,,,,,,,,,,,,,,,,,,,,,,,,,,,,,,,,,,
,,,,,,,,,,,,,,,,,,,,,2001-10-18,,,,,,,,,,,,,,,,,,,,,,,,,,,,,,,,,,,,,,,,,,,,,,,,,,,,,,,,,,,,,,,,,,,,,,,,,,,,,,,,,,,,,
,,,,,,,,,,,,,,,,,,,,,2001-04-17,,,,,,,,,,,,,,,,,,,,,,,,,,,,,,,,,,,,,,,,,,,,,,,,,,,,,,,,,,,,,,,,,,,,,,,,,,,,,,,,,,,,,
,,,,,,,,,,,,,,,,,,,,,2002-11-20,,,,,,,,,,,,,,,,,,,,,,,,,,,,,,,,,,,,,,,,,,,,,,,,,,,,,,,,,,,,,,,,,,,,,,,,,,,,,,,,,,,,,
,,,,,,,,,,,,,,,,,,,,,2000-07-20,,,,,,,,,,,,,,,,,,,,,,,,,,,,,,,,,,,,,,,,,,,,,,,,,,,,,,,,,,,,,,,,,,,,,,,,,,,,,,,,,,,,,
,,,,,,,,,,,,,,,,,,,,,2001-01-18,,,,,,,,,,,,,,,,,,,,,,,,,,,,,,,,,,,,,,,,,,,,,,,,,,,,,,,,,,,,,,,,,,,,,,,,,,,,,,,,,,,,,
,,,,,,,,,,,,,,,,,,,,,2000-10-19,,,,,,,,,,,,,,,,,,,,,,,,,,,,,,,,,,,,,,,,,,,,,,,,,,,,,,,,,,,,,,,,,,,,,,,,,,,,,,,,,,,,,
,,,,,,,,,,,,,,,,,,,,,2000-09-06,,,,,,,,,,,,,,,,,,,,,,,,,,,,,,,,,,,,,,,,,,,,,,,,,,,,,,,,,,,,,,,,,,,,,,,,,,,,,,,,,,,,,
,,,,,,,,,,,,,,,,,,,,,2002-05-28,,,,,,,,,,,,,,,,,,,,,,,,,,,,,,,,,,,,,,,,,,,,,,,,,,,,,,,,,,,,,,,,,,,,,,,,,,,,,,,,,,,,,
,,,,,,,,,,,,,,,,,,,,,2013-08-30,,,,,,,,,,,,,,,,,,,,,,,,,,,,,,,,,,,,,,,,,,,,,,,,,,,,,,,,,,,,,,,,,,,,,,,,,,,,,,,,,,,,,
,,,,,,,,,,,,,,,,,,,,,2017-06-16,,,,,,,,,,,,,,,,,,,,,,,,,,,,,,,,,,,,,,,,,,,,,,,,,,,,,,,,,,,,,,,,,,,,,,,,,,,,,,,,,,,,,
,,,,,,,,,,,,,,,,,,,,,2016-06-17,,,,,,,,,,,,,,,,,,,,,,,,,,,,,,,,,,,,,,,,,,,,,,,,,,,,,,,,,,,,,,,,,,,,,,,,,,,,,,,,,,,,,
,,,,,,,,,,,,,,,,,,,,,2015-05-28,,,,,,,,,,,,,,,,,,,,,,,,,,,,,,,,,,,,,,,,,,,,,,,,,,,,,,,,,,,,,,,,,,,,,,,,,,,,,,,,,,,,,
