CIK,day -1,day 0,R,MKT,R - MKT,vol,EA,10d - MKT,30d - MKT,60d - MKT,90d - MKT,120d - MKT,IDT,10d - IDT,30d - IDT,60d - IDT,90d - IDT,120d - IDT
858558,2006-01-25,2006-01-26,0.9520807508411557,1.01465293,-0.06257217915884428,0.8911401829398001,,-0.03435725111693644,-0.08441603678215126,-0.12357433157540687,-0.10347452960907544,-0.09988331173698173,Books,-0.05199605642015759,-0.10648196099774354,-0.07565726690452712,-0.06962985964290558,-0.05764924884038658
858558,2004-01-27,2004-01-28,0.9558620452880828,0.9880639999999999,-0.03220195471191711,0.6655420296659428,,-0.06225104804612036,-0.006117715374246435,-0.024645339281651357,0.05247960730423018,0.07779220960823618,Books,-0.10250556337721617,-0.049534339447708464,-0.0666595943388738,0.013010913988464878,0.07092027437294945
858558,2003-07-29,2003-07-30,0.9900838964267488,1.00139424,-0.011310343573251225,1.6118355902881347,,-0.054163813247955495,-0.0016423595211225717,0.06052691091584417,-0.004455613911011902,-0.0716205108697403,Books,-0.040040141367709614,0.03131484544334029,0.05910223412499627,-0.006174256866546379,-0.0141592750455799
858558,2003-07-30,2003-07-31,0.9350838555181296,0.99256608,-0.05748222448187046,1.0747908834586466,,-0.08793862947733821,-0.04963152383720315,0.026339489492033907,-0.06965401869878218,-0.10235830722417893,Books,-0.07687142572950512,-0.014537871862561946,0.01783452248041284,-0.06725290791024152,-0.05319264112887567
858558,2003-04-24,2003-04-25,1.0017021666181871,1.0043712,-0.002669033381812902,1.4967663702506062,,0.011893592646218476,0.04997860154117206,0.050161339797632376,-0.10945622350723383,0.08970337216324276,Books,0.027186392056510522,0.08234641385476582,0.09751913964761094,-0.007019733364007852,0.1712637428103556
858558,2003-02-24,2003-02-25,1.0411483553133232,0.9947145999999999,0.04643375531332328,1.0744863980521822,,-0.014293891919353152,-0.02682899240462855,0.09365030242157779,0.10054202607567464,-0.019709298018849353,Books,-0.01638027320604596,-0.0045620633971465985,0.11358498723844801,0.16610757113799735,0.08689678945093893
858558,2001-05-01,2001-05-02,0.9825000081743499,0.9874478600000001,-0.0049478518256501625,1.0751197630140383,,0.02238842860232415,0.06276282275929168,-0.1528171778862243,-0.21399365964344574,-0.2684276463651931,Books,-0.0066807095522885,0.028120412583306664,-0.22587702213212812,-0.3093372721055321,-0.32691307247049484
1430602,2011-05-03,2011-05-04,0.9742990716678798,0.9844606800000001,-0.01016160833212032,1.027150605295816,1.0,0.017953369639362227,-0.06836585991215371,-0.05255226655793177,-0.08383548548801179,-0.08170655350198275,Telcm,0.017914212648887595,-0.06840737467542324,-0.03460608432943857,-0.07143304371334525,-0.07055486528052979
1598014,2018-05-22,2018-05-23,0.9888823934126203,1.0012953599999999,-0.01241296658737956,1.3024724666403362,,-0.021248614736462446,0.010694408314258164,0.0026708544651037336,-0.014981253813934003,0.011134518179288011,Softw,-0.039761516188785984,-0.028893460825422768,-0.012698427612279017,-0.04033890222169356,0.03055749434983801
1580156,2014-05-07,2014-05-08,0.9626511844674994,0.9998934999999999,-0.03724231553250046,1.3554673739537209,0.0,-0.0607901015030865,-0.03465026276066774,-0.11284285177824083,-0.03353976725553309,-0.011700615418862803,Books,-0.05593116539873022,-0.041141980321716565,-0.1737128402721041,-0.03933007992874038,0.0034557114014095447
1580156,2018-09-11,2018-09-12,1.1083333492279048,1.00480135,0.1035319992279049,0.9187390957741068,,0.15442151878292565,0.11559926051966429,0.6555473700256917,0.8532710949660433,0.374167522343415,Books,0.13975953143421704,0.047622373480189495,0.6045788469620346,0.8094612365306506,0.33340762914774236
732712,2016-10-19,2016-10-20,0.9567288555189137,0.9985996799999999,-0.041870824481086144,0.804909940576582,0.0,-0.0429375668960299,-0.046945322485682284,-0.037346098313021825,-0.13401380209951186,-0.13609052366211716,Telcm,-0.03773769875768196,-0.04845673292532371,-0.07687639503398325,-0.14491407770390397,-0.16837671211980199
732712,2016-07-28,2016-07-29,0.9934378307264606,1.00009728,-0.006659449273539453,1.0966500848913587,,-0.031197894949016924,-0.04494666107437162,-0.12248945838970737,-0.12759316637988583,-0.11001186425410392,Telcm,-0.022951961138559684,-0.01901257202401274,-0.0786607100470168,-0.0975959825438929,-0.12291672815094112
732712,2010-12-28,2010-12-29,0.9983156215498902,1.00059813,-0.002282508450109799,0.6428113702911707,,-0.027845097996354484,-0.028286165794021878,-0.0020475734392104705,-0.03105767869108833,-0.025952714378336683,Telcm,-0.01204878522676589,-0.03606810140474703,-0.027886670677708114,-0.08697735457558986,-0.08735702246548449
732712,2018-04-30,2018-05-01,0.967578550687086,0.99608488,-0.02850632931291397,1.3905664556813138,,-0.05742822075464271,-0.09441757125228423,-0.038178976612646354,0.0057122536681804,0.07384242102239247,Telcm,-0.029966541878320596,-0.06379973304317887,-0.021061804030708675,-0.0043671958825823864,-0.018890921502269675
789019,2008-10-22,2008-10-23,1.0199720568561763,0.9700048799999998,0.049967176856176465,1.6282339471759462,0.0,-0.03541789809236073,-0.04759777104237517,-0.04246465973865188,-0.06302969739109421,-0.1002547197150212,Softw,-0.008609799880649138,-0.0016029069198525425,-0.05576603680561509,-0.14551304133560317,-0.1769533545860139
789019,2009-03-12,2009-03-13,0.9553203869103204,1.0018593000000002,-0.046538913089679834,1.0029365585021306,,-0.0250591264508655,0.04899247899981929,0.026182816877238002,0.16822395000539925,0.05395441855564709,Softw,-0.0045536119016358345,0.02435810826947793,0.0038041774461752276,0.09124993809143023,0.02894402129983864
789019,2007-11-26,2007-11-27,1.0221413259086571,1.0424799,-0.020338574091342876,1.2788802049138304,,-0.014448433581499387,0.04005770684637899,-0.12927476167872776,-0.09576807881737814,-0.12846172533117284,Softw,-0.013328751701169761,0.03935027214899933,-0.06787385646690103,-0.05675029469842818,-0.1273537241185585
789019,2008-07-31,2008-08-01,0.9828927434504036,0.9844512299999999,-0.0015584865495963385,0.7975881465036939,,0.05404982956939186,0.09867771284438975,0.1584327157962402,0.10218472593437422,0.007945138558370202,Softw,0.026107985176949233,0.09479749649993408,0.13675828898093767,0.10355425998282497,-0.00368605149178991
789019,2007-10-18,2007-10-19,0.9791399351183155,0.98008485,-0.0009449148816844666,0.779485571619621,,0.20867387293882145,0.10357237333200509,0.18230913358773104,0.010128593424405308,0.041719931612012595,Softw,0.13159731246663986,0.08280923555235975,0.14039993042033183,0.02117240191019154,0.035328408707100856
789019,2008-02-13,2008-02-14,0.9813536248187132,0.9863027000000001,-0.004949075181286844,1.4326784779739072,,-0.032720251253374966,0.0170208877809086,0.013933373896181545,-0.00735605238249204,-0.014190665009481518,Softw,-0.015440997274803747,0.014054725322628858,-0.03146793512228352,-0.06975994893943127,-0.07691271056331428
789019,2007-12-04,2007-12-05,1.0543179357470862,1.03042785,0.023890085747086287,1.0642326113805098,,0.06933373298887502,0.1050361249779681,-0.06540387495128897,-0.04818295779667703,-0.09493570567496001,Softw,0.0478463597178056,0.06713462003108472,-0.030015368230530193,-0.031393856826011035,-0.12568914042365897
789019,2008-04-23,2008-04-24,0.948489640701618,1.0134448799999998,-0.06495523929838176,1.1705022063140176,0.0,-0.0846562629689972,-0.12652747900035688,-0.1104550646990361,-0.08046531337601093,0.03661088608718255,Softw,-0.06487233887681021,-0.1258491535091013,-0.11120043504179233,-0.07062763105163661,0.029838024339329694
1385280,2009-09-07,2009-09-08,0.9950248567377147,1.0198971999999997,-0.024872343262285046,1.2187243361620586,,-0.019897406609151735,0.05879332514042912,0.22764830817733905,0.3712498287586199,0.5489628723547646,Fun,-0.15432313016010935,0.03552448812385678,0.21502122874108465,0.34379635374690665,0.5311351462836682
1265888,2009-02-09,2009-02-10,1.0556978163849686,0.9609535,0.09474431638496861,0.9798563203888395,0.0,0.0997424559071508,0.12739014745461297,0.18839720348700406,0.3041036966001136,0.2767800215342633,Telcm,0.06302569422715354,0.07573919406157714,0.13685872806065058,0.31057134965157385,0.2878006930454624
1265888,2006-02-03,2006-02-06,1.009631318575231,0.9917907999999999,0.017840518575231168,2.5758487237224785,0.0,-0.0016062981848610214,-0.08755444830034687,0.1272439114149504,0.028160992855835287,0.021690657949642644,Telcm,-0.031018115435755167,-0.1165717547690045,0.09197708708405883,-0.07590876340232167,-0.1248117600915648
1265888,2006-11-24,2006-11-27,0.9884446960042536,0.9876540999999999,0.0007905960042536853,0.6292457985287752,,0.03122908202964747,-0.06335449655709613,-0.03894256206340252,-0.11378190845817537,-0.17460971937644998,Telcm,-0.003065911616036532,-0.10619633608833079,-0.08792411503272612,-0.1864182911182305,-0.26415252135742606
1327567,2015-10-16,2015-10-19,0.9667015877206284,0.9985,-0.031798412279371635,0.8929330911005036,,-0.0760197297468137,0.06543574967403276,-0.009948657307454867,-0.10110759574963701,-0.20193102208514468,Softw,-0.10203650180022361,0.017196637982159313,-0.06575378910426499,-0.13485724093628415,-0.2323700761380667
1437107,2012-12-04,2012-12-05,1.0245989501898434,1.00480527,0.019793680189843288,1.3552098928732357,,0.018404576419946306,0.038703558018283735,0.10662371146049421,0.15241317245358044,0.05548271219466128,Telcm,0.023632655271248693,0.04647728705615406,0.09283867477298546,0.09015726507068189,0.052698816758182776
1437107,2011-04-08,2011-04-11,1.005640179585537,0.98773276,0.017907419585536988,1.1102396290777057,,0.036576530751204483,0.09645908296611916,0.05445226068022624,0.10051699022704841,0.14627426588533443,Telcm,0.03282331959133722,0.06497272994895287,0.031162089304850538,0.07150041324903089,0.12116648443243216
1208208,2017-02-23,2017-02-24,0.9251101528870215,1.0037033,-0.07859314711297849,10.322644973966412,0.0,-0.06557960226098303,-0.03206729801813246,-0.09063450959366237,-0.052444998380798635,-0.04226337683604897,Telcm,-0.058858820857534355,-0.03657641473019868,-0.03841828821458404,0.02064864206033501,0.0057482654237268616
714603,2011-07-20,2011-07-21,1.0102647165019696,1.0139128999999998,-0.0036481834980301997,1.1281029559412201,,-0.07322265227822555,-0.07328478395045512,-0.05995424535238303,-0.06191935755640221,-0.11123371868617327,BusSv,-0.06425193859536804,-0.0487369900276301,-0.04567821018169871,-0.05418380275369472,-0.11228107674811139
1136893,2019-03-15,2019-03-18,0.9790595257456673,1.0036958599999999,-0.024636334254332537,4.35827225409477,,0.0315742646144872,0.023738231840960244,0.09844492474962085,0.15978338198871156,0.22599889698749176,BusSv,0.010264354595220793,0.0006079280748525484,0.033096326038946966,0.08395193246583865,0.129645262006171
1136893,2003-04-23,2003-04-24,0.9452157934194666,0.9790053,-0.03378950658053337,0.8580571541972613,,-0.04978266643766782,0.04954279066495326,-0.037055775671155367,0.04176272713218032,0.047844845210358145,BusSv,-0.0696400744877349,0.008217959515674833,-0.08257902785621507,-0.04760287662418983,-0.023852703110138984
859014,2008-07-25,2008-07-28,1.0128676784788797,1.00470048,0.008167198478879811,1.6744056907324565,,0.049994191876134186,-0.0034982438243753577,-0.14542206811570435,-0.14438995882794625,-0.0487305272922367,Softw,0.042065943942593664,0.03174904416345925,-0.14696952651914497,-0.11811906507436176,-0.050636717352287586
859014,2008-10-27,2008-10-28,1.096256675401315,1.0925408099999998,0.003715865401315188,0.9737485624245247,,0.034777708702719456,0.04545734245219579,0.2612833184666391,0.11206132345117892,0.2781817111216687,Softw,0.07441429393229271,0.08418280959541491,0.2676568748631053,0.038372728883101725,0.17926727456805724
859014,2003-07-23,2003-07-24,1.0842912020891682,1.00850185,0.07578935208916815,1.1641791416141816,,-0.05021468716067945,0.11107788705326604,0.01647493147879131,-0.009055077646833887,0.1732248675786776,Softw,-0.03403833208405049,0.06835931357598968,-0.027764827146280036,-0.004058905372937627,0.16156038367868297
1428336,2015-10-23,2015-10-26,1.0319467892244516,0.9938084,0.03813838922445156,0.4889660467202164,,0.09397216429003818,0.06024415511694148,-0.1589039981906527,-0.18785429640545126,-0.1758352019694882,Softw,0.07990292881897121,0.02274274215458716,-0.19293833156523943,-0.1798917177930438,-0.1810497167427516
1609711,2016-12-08,2016-12-09,0.9830647658686601,1.0015862,-0.018521434131339887,1.0679037579654906,,-0.06326446453115897,-0.03417692259743588,-0.05011187821815899,-0.017386956978300505,0.07127859825233496,Softw,-0.05706773996105119,-0.06659416787036554,-0.08684148950669834,-0.07389921106351305,-0.05311443717721187
1122897,2016-04-15,2016-04-18,1.6549296367423092,1.0094188499999999,0.6455107867423093,24.83999922288048,,0.6559873876072588,0.667978058264179,0.5646954851286303,0.47256961989601476,0.42148063883168985,Softw,0.686098417834249,0.670974231181773,0.5815716789492082,0.4539740506893868,0.3930940354761636
1131096,2017-08-09,2017-08-10,0.9948968655511288,0.9870702,0.007826665551128764,0.5222128943907165,,-0.0016523440063448414,-0.14168145870406534,-0.16617520009147901,-0.13832102639572208,-0.2711648432868271,Softw,-0.015044081089818029,-0.14281962923342206,-0.20832965093217182,-0.1555887055459807,-0.32174577639633617
1131096,2014-07-16,2014-07-17,0.9545698279274286,0.99896448,-0.04439465207257143,0.6378293607748705,0.0,-0.022677524871564048,0.09103098334809068,-0.026003807857581163,-0.14652099261590446,0.07292596032818421,Softw,-0.05102557906261551,0.07519439534899353,-0.044019786553321505,-0.132738704592274,0.09326114810666608
1131096,2014-04-16,2014-04-17,0.9169540868006046,1.00590828,-0.08895419319939546,1.1565536651127442,0.0,-0.15115108962709345,-0.17800031260168392,-0.19669773128308954,-0.11297789040112094,-0.17595399728044447,Softw,-0.1206283085946942,-0.14795354281075468,-0.16469970752781982,-0.10857293066865181,-0.18163996827515683
1131096,2013-01-04,2013-01-07,1.01689588659212,0.99420837,0.022687516592120094,1.0439573676611862,,0.1349485684138425,0.12880280143888134,0.1764576803840583,-0.024166391250698416,-0.0038622589510315386,Softw,0.1475088164158469,0.12058420375618129,0.18807372440810588,-0.021968544379596056,0.01322333168020351
1131096,2007-11-28,2007-11-29,0.9992994958507695,1.0071006999999998,-0.007801204149230356,0.1694654944568272,,-0.020267249511719765,-0.08669633798640686,-0.19255260381815664,-0.4020006906708592,-0.26403795543474873,Softw,-0.029770420197962277,-0.09561862130357901,-0.1400484998336463,-0.37908531931342404,-0.2679533367438749
101830,2012-10-12,2012-10-15,0.9930192038883278,1.017979,-0.024959796111672206,0.7166999026457284,,-0.021826895676578584,0.0003612724270617429,-0.05134827455242452,-0.057558733750142865,-0.04452936335944413,Telcm,-0.021824884430201474,0.012366679617225151,-0.03860285971450872,-0.05349555052715815,-0.08384192820379521
1597033,2015-11-03,2015-11-04,0.9848075371306727,0.99660208,-0.01179454286932724,1.2490706010017116,,-0.015654425681518425,0.004281031040698768,-0.04181716260544177,-0.030058420156303445,-0.012860088567095529,Softw,-0.023287932498392894,-0.02573873858541109,-0.08569080579247368,-0.04359893279661864,0.01366225208598415
1597033,2014-05-14,2014-05-15,1.033629484704843,0.9945676,0.039061884704843064,0.37457268317088976,,0.1980527197509414,0.2394517557440956,0.14198570701827573,0.13912605207167061,0.03471261289860483,Softw,0.18774680153929402,0.23016055676021496,0.10873215967976457,0.10460741840629462,0.02057266793782153
1533932,2017-10-25,2017-10-26,0.9557335390139082,1.0102164,-0.054482860986091786,0.954707051965439,,-0.04135125458669031,0.010282862549070959,0.0035788442072770543,0.08943514087357451,0.0833535035945625,BusSv,-0.03116778800709552,0.02112137423919891,0.009892311116793229,0.07240255415030639,0.06470693588344267
1533932,2014-02-12,2014-02-13,0.9980500041469496,1.0114302400000001,-0.013380235853050593,0.949158953058165,,0.007829424187115297,-0.04119332661846675,-0.06658604862093331,0.003674873632340425,-0.010249009798311892,BusSv,0.007821994927126985,-0.024366200259075876,-0.05038000870321735,0.025511274802501482,0.005768862966653465
1465112,2012-08-24,2012-08-27,0.9939198235164379,0.99949994,-0.005580116483562048,0.6127626969526293,,-0.01673264611183778,-0.056231804353957915,-0.06683204082068528,-0.09358936653869987,-0.1808359439852779,Telcm,-0.0201759539229891,-0.073911817012004,-0.06978089745714033,-0.09707403975840456,-0.18246199463422863
808461,2017-04-28,2017-05-01,0.9964717059964208,1.00240063,-0.005928924003579139,0.7325280992093887,,-0.043788532674183034,-0.031056794625636153,-0.010162726005196854,0.08522278506017233,-0.021932673033380645,Telcm,0.0042819102939011255,0.014850117571805432,0.055961137296138164,0.1718845654131681,0.11362416932467645
1324245,2011-02-01,2011-02-02,0.9824594476594809,0.9999932399999999,-0.017533792340518994,0.6313818398534357,0.0,0.0013577335677614766,-0.040868799842215586,-0.0030754111864537137,0.08865654639862508,0.09380247842379186,Softw,0.01279582929120382,-0.0011730626429383717,0.021507787852590665,0.12087283978464569,0.08660507480920576
1324245,2011-04-29,2011-05-02,0.9838181929154836,0.9922139999999999,-0.008395807084516371,1.1665045915707581,,0.06489984159749385,0.0871672054092889,0.0814164798709488,0.15425481708629973,0.060715163641485215,Softw,0.07755536456669743,0.0996137354564538,0.0576292055599521,0.13040458907714103,-0.0055217120139633424
1402436,2018-01-10,2018-01-11,1.0373244421315038,1.01535742,0.02196702213150381,0.6974094816579273,,0.00642053855050384,0.04089731974926414,0.053305484518357704,0.03940727274145872,0.10502586859354279,Softw,-0.0026691578576176767,-0.0005568977178052048,0.018556260822298665,-0.013893324008887875,0.016429177653865423
1402436,2018-04-13,2018-04-16,1.0227590214848403,1.0191893799999998,0.0035696414848405134,1.26017778209611,,-0.005088891228665404,-0.017709911142805512,0.01984102119235942,0.049480451924439395,0.009104467369164482,Softw,-0.012126229143187617,-0.046408228849374455,-0.04073471210828283,0.013810782467517768,-0.015306290616897922
1175454,2019-02-05,2019-02-06,1.0646389951413682,0.98852046,0.07611853514136813,1.0657995125139041,0.0,0.08571913643558537,0.13787780818047968,0.184579784576812,0.26366244643670655,0.2927215104202674,BusSv,0.07231517160584588,0.10617196279920926,0.14008521580443434,0.16809897661372708,0.19072409045263683
1175454,2018-02-07,2018-02-08,0.9340939962986229,0.9762995200000001,-0.0422055237013772,1.023336285946973,0.0,-0.011130505705341909,0.003949922527190619,-0.003171104306865735,0.039645310942615586,0.019588751065358734,BusSv,-0.026955387948667475,-0.027636312640502814,-0.033594778648322055,-0.03401057815267383,-0.03645159149700605
1175454,2017-02-07,2017-02-08,1.1284705923385008,1.00780432,0.1206662723385008,1.4658943620884095,0.0,0.10133402424775029,0.04309514454108454,-0.1516249569359206,-0.10870929908103621,-0.048601758912148574,BusSv,0.08914219353031783,0.028584845075092513,-0.17463674866624312,-0.1511623684447433,-0.11582130881397723
1591698,2016-06-01,2016-06-02,1.0254760187614778,0.9996867,0.02578931876147772,0.568755238938951,,0.09909298148583123,0.16871594646499766,0.1779941447101192,0.1752399609567128,-0.10995077830782951,Softw,0.10698004514058668,0.18088969278344802,0.14709156311517102,0.1378282545471443,-0.11986156784427338
1635718,2019-02-19,2019-02-20,0.9467139991764205,0.99819297,-0.05147897082357944,0.9757844205448964,,0.010237260111567004,-0.06481019521890818,-0.251069311407236,-0.32356169892840914,-0.14983435542390688,Books,0.02420122464735386,-0.003833972679193609,-0.15664361477735889,-0.23209579528749547,-0.06499363007349757
1635718,2018-11-07,2018-11-08,1.0077145539622816,0.98682912,0.020885433962281597,1.249520958841053,,0.040624897512620994,0.011633847172821232,0.09948453951389546,0.0074107654177368865,-0.14135875374755402,Books,0.02701850510067716,0.04222255899688465,0.09147382444374508,0.07477129973577923,-0.05952796004399219
1635718,2018-08-08,2018-08-09,1.006930662592115,0.993503,0.01342766259211503,0.5499688361650057,,0.03803668765929191,8.247439789665911e-05,0.01904948040949017,0.07407561472272128,0.17088980886023808,Books,0.06232344398059675,0.06923702348080263,0.03603059587441115,0.12140302087866495,0.21452989493153374
1635718,2018-05-04,2018-05-07,1.1175258109009307,1.0049029399999998,0.11262287090093093,1.317066329342451,,0.1551537293757248,0.038368352588992405,0.00779839584962172,-0.08185229484254575,-0.019017905859864515,Books,0.16548858612417505,0.04807429918289685,0.0998722373219505,0.1173405177673904,0.12628742307702867
1635718,2018-02-19,2018-02-20,1.0240721930481667,0.99579957,0.02827262304816669,1.073394721987704,,-0.0003250238779994863,-0.05436277898302133,0.14740966639462894,0.0650148979904075,-0.01717745082847766,Books,0.0015342763306358531,-0.04721080696382396,0.15605490187173687,0.06541350056654727,0.1302197697392744
1635718,2017-11-01,2017-11-02,1.1347271599699558,1.00370186,0.1310252999699557,0.6281303584057678,,0.30708336583541773,0.30390330589299874,0.27076591777340697,0.04801006665723273,0.08072731379785436,Books,0.24435240487017973,0.203098872077643,0.17129345262477602,-0.05822954599485697,-0.024443858279300956
1635718,2017-08-02,2017-08-03,1.0578512108229303,1.0003947499999999,0.05745646082293043,0.7626505641224949,,-0.01925061217821533,-0.01943975202877901,-0.006429328535026313,0.2321686089846431,0.2634121756090195,Books,0.015525000212156859,0.029979473342716223,0.06828929186100974,0.22084735139989142,0.28719759619346075
1635718,2017-04-24,2017-04-25,1.0298850844347078,1.0070026399999998,0.022882444434707994,1.3174829606323468,,-0.05602454982309324,-0.11154268938824008,-0.019672801988632527,-0.06886714680663131,-0.004850027732699269,Books,-0.030287922855541938,-0.05124487853565196,0.02298034757075018,0.01806669522318083,0.08837492131604241
1635718,2017-02-08,2017-02-09,1.0275861811930813,1.0110273600000002,0.016558821193081164,1.6390873612033598,,0.014485023261508356,-0.08015697373112995,-0.1002574043984148,-0.08704605883265171,-0.11015869793447974,Books,0.010246250748029873,-0.06242586604590661,-0.07074339925292783,-0.04389937922547993,-0.06930619601892407
1635718,2016-07-26,2016-07-27,0.8871866347987186,1.0003974800000002,-0.11321084520128155,0.48363623539712053,,-0.19483485859481553,-0.17945380950974543,-0.2746421281342559,-0.3911744692588732,-0.40345490579766186,Books,-0.159627284391213,-0.1580769965523673,-0.20957633301429712,-0.3088083609561457,-0.32831123809084606
1635718,2016-10-26,2016-10-27,0.7929293138496063,0.99380957,-0.20088025615039373,0.8518638130078613,,-0.11550734855724731,-0.039135894509538804,-0.12326274268491366,-0.320360353733093,-0.21662259731113265,Books,-0.0853294170090022,-0.06485761667072287,-0.1282321554463871,-0.27163971514004137,-0.20923895177339014
1635718,2016-04-26,2016-04-27,1.0256253869392615,0.9924798399999999,0.03314554693926164,1.7279656427923817,,-0.024971465303930573,-0.07323417261147624,-0.17625112106262208,-0.3240772316726829,-0.37774925821586836,Books,-0.011780848861714155,-0.04098584017013662,-0.1736138616120093,-0.3172286593301682,-0.3146018565781994
1635718,2016-02-16,2016-02-17,0.932203392991652,1.0123107500000001,-0.08010735700834815,1.649471135243877,,-0.06496047789119097,-0.10846932863522418,-0.09529828341219138,-0.167699714965318,-0.3949458502814305,Books,-0.06770938473725607,-0.1286077771996178,-0.08840410511425145,-0.14648120608549842,-0.3711215382635582
1635718,2015-10-28,2015-10-29,1.0910344617120138,0.9938084,0.09722606171201376,0.944063885196127,,0.16991070603775138,0.21507217935035294,0.10318680192870588,0.10646791454732596,0.0815959702682525,Books,0.17301188948142754,0.22565194958582624,0.12396215824515855,0.15352917783213715,0.1273813338004236
1635718,2015-10-07,2015-10-08,1.0113788541545286,1.00961008,0.001768774154528474,0.910115396393464,,-0.0012401003004902655,0.08367350946617869,0.09020341671854504,0.009327958788945767,-0.014821933617984229,Books,-0.006869782255139567,0.08718233409302312,0.13205298762968842,0.06493528637435442,0.025011495901537617
1635718,2016-06-24,2016-06-27,0.9401408845624915,0.99653568,-0.05639479543750858,1.2749143327712713,,-0.057965247901657135,-0.2465459705957782,-0.2782937140217825,-0.5087974478076587,-0.4332941418350744,Books,-0.0802229124417636,-0.25365152101219346,-0.26973284246346463,-0.42852747648380074,-0.3891892994782249
1677703,2018-06-28,2018-06-29,1.0190796946358338,1.00430252,0.014777174635833834,1.560560308270488,,-0.009176195049331426,0.07755822365482024,0.1791762509175967,0.07396132934174093,-0.29406448937268104,BusSv,-0.02050340198797307,0.06970342545277641,0.15168603749807463,0.07073061035446604,-0.3002381714887481
1677703,2018-07-12,2018-07-13,0.9784830761029005,0.9991987199999999,-0.020715643897099345,0.880136188901431,,-0.027680071918951943,0.13843414591301806,0.10538817170986592,-0.23498375441235586,-0.3011765980383413,BusSv,-0.011603299021372138,0.13283892216861104,0.12419039678944421,-0.21049937520857998,-0.29134584658845253
1677703,2017-10-09,2017-10-10,1.0131496577730534,1.00400384,0.009145817773053455,1.6921529927101675,,-0.03863567017922276,-0.058746298476693215,-0.06963292936041632,-0.07315732381818929,0.12250395272681747,BusSv,-0.04429903067273777,-0.06554744077521202,-0.06439728896011765,-0.08451090550665885,0.10046051804483591
1677703,2017-04-10,2017-04-11,0.9754902189944796,0.99460245,-0.019112231005520397,0.26775581172041996,,-0.012027466951171073,-0.011416670209670077,-0.054235732423129734,-0.004805489080413894,-0.1109845269817441,BusSv,-0.027247925726286093,-0.034272543302108494,-0.10131132625284445,-0.04792232880210601,-0.16681348924936057
1677703,2017-05-09,2017-05-10,0.962285723005023,0.9994945399999999,-0.03720881699497691,0.9112007226634231,0.0,-0.060678731461923596,-0.09587381855064003,-0.08476333675156678,-0.151089393180738,-0.19587671168721987,BusSv,-0.06657403954514918,-0.11191638272781734,-0.10976049704209556,-0.1708011067345443,-0.2480454594099183
1677703,2017-02-21,2017-02-22,1.1431411415222328,0.99740165,0.14573949152223276,0.8691515015048039,0.0,0.03642565836881195,0.0836897121601109,0.10623283019784258,0.027898902251306534,0.0818894018326326,BusSv,0.029842917950288372,0.08538016473502352,0.08833294135170089,-0.011506648756966165,0.04408043668595485
1514991,2018-07-27,2018-07-30,1.020480687998838,0.9980643000000001,0.022416387998837828,0.9659591697730413,,0.012908932374861237,0.03715438460237186,0.04071541699921655,0.038861124023661264,0.1152278744708386,Telcm,-0.00722119996768833,0.021499310842542307,-0.06063785635073038,-0.07083650278699305,0.01728068101705782
1444598,2009-08-24,2009-08-25,0.9988337925242816,1.00259973,-0.003765937475718406,0.17951979693933268,,-0.02131800469840861,-0.13034095751704022,-0.1903729487279643,-0.21008259443100952,-0.16977797043095577,BusSv,-0.00402917031127159,-0.10664801271545565,-0.16373066457502572,-0.19863486321380142,-0.15608693536703389
1439404,2019-05-27,2019-05-28,1.022838476977477,0.9942900600000001,0.028548416977476898,0.7718654160229087,,-0.014905823514215655,-0.04604987157256191,-0.100042347963756,-0.06589323339675679,-0.07748003161355443,Softw,0.0010009121499803264,-0.052147590047897596,-0.11651071967823645,-0.05203138578554056,-0.06434399700620586
1439404,2014-01-29,2014-01-30,1.2865497067869798,1.00551948,0.28103022678697975,0.7462655711754602,0.0,0.35969803343438955,0.5528165580549664,0.09590235054394758,-0.15946010802862198,-0.21782315672101515,Softw,0.3274994903438133,0.5351412167804452,0.13638801344891838,-0.11731050783077634,-0.19696618672048594
816761,2016-04-22,2016-04-25,0.9785794933577504,1.00049304,-0.02191354664224965,1.1212579009607637,,0.039897427401167196,0.06527711312591578,0.02016619113390017,0.14215060779189392,0.06686345321660525,Softw,0.03334424497819921,0.05310835293347527,-0.008778678141710294,0.08853215675714221,0.009006971773589001
1037949,2010-08-23,2010-08-24,1.0000000000000002,0.9896333999999999,0.010366600000000337,0.9116075798870035,,-0.003917984766379723,0.04130765058596508,0.07679585962989655,0.14530286334794318,0.03770694881987646,Telcm,-0.011518674499854331,0.03751438954592912,0.07485583644078964,0.16152399574410325,0.05824949018730763
1037949,2007-02-07,2007-02-08,0.9939393708200169,0.9914075999999999,0.0025317708200169875,1.4351856106313032,,0.032149793690636974,0.09271604866697492,0.12253197218715473,0.1299284359709032,0.02731897933232119,Telcm,0.04017911937067786,0.0819614642881008,0.10519376078624232,0.09548051377221323,-0.018441087727638195
1383871,2013-12-11,2013-12-12,0.9987515320104746,0.9986976999999999,5.383201047470809e-05,0.6887699353100185,,-0.04007778584348787,0.1670077203154927,0.13578171830355146,-0.02584782569369537,-0.3555175730164444,Softw,-0.048231842687059046,0.14619455325916908,0.08582867230807545,-0.014294893860573588,-0.33540383301805865
1087423,2018-10-26,2018-10-29,1.4569763417497925,1.00877218,0.4482041617497925,0.7332198791269902,,0.4563997932924504,0.5193977164718014,0.5132924383179296,0.5128935645021153,0.4638026493394172,Softw,0.4850697606151049,0.4999243286293158,0.48505825264315017,0.44088795404154646,0.3705597083765273
883980,2006-09-29,2006-10-02,0.9972688644702568,0.9969944100000001,0.0002744544702566465,1.661668922546346,,-0.040579887428891404,0.051760719883505724,0.05549790192563431,0.017870168560969235,0.10531528472962415,BusSv,-0.04028167502610058,0.028952918030141106,0.026598440915005517,-0.03206512521549176,0.05139993414682409
1459200,2018-11-06,2018-11-07,1.0854831592464245,1.0182409199999998,0.0672422392464247,0.7606696948785976,0.0,0.029557321689896998,0.10245207497888242,0.4171935063076797,0.34400463203365805,0.4860422480835347,Softw,0.03798972992429217,0.08009415831556044,0.35250451886153034,0.24023757118306666,0.37116305088681956
1091667,2014-02-10,2014-02-11,0.9996367694031202,1.01201199,-0.012375220596879788,2.24171013934277,,-0.1507742049548998,-0.13648351727880403,-0.034667092999572824,0.003411152413371754,0.06892706417319139,Telcm,-0.12448770979125034,-0.11673723347736342,-0.050851069547161676,0.025859555715788796,0.04619823318093741
1091667,2016-05-23,2016-05-24,1.0026666937934043,1.02160296,-0.01893626620659572,2.4729802668614056,,-0.04759705706843498,0.017944695644448894,0.05572545473683621,0.12593137833212498,0.1309149372656211,Telcm,-0.042275440649721885,-0.021269370030895685,0.0671085134544267,0.14410316272591772,0.1685564890599076
1283699,2017-01-04,2017-01-05,0.9651479216644592,1.0007939099999998,-0.03564598833554067,0.6663367847702115,,0.014955522390337705,0.050426475138231064,0.04235681679528991,0.06084023019913598,-0.034373335722286624,Telcm,0.007746167945328786,0.07121935765334597,0.05785844504703386,0.14396486481675097,0.055455194860464796
1283699,2016-07-26,2016-07-27,1.027567845511035,1.0003974800000002,0.02717036551103491,0.7118592061036582,0.0,0.04463183133507709,0.024049497872411063,0.04992985777741443,0.17707989310930783,0.23215655584121997,Telcm,0.05104805753202857,0.052963986959995824,0.08934137666513764,0.21110848844863306,0.23088743736193384
1283699,2016-10-21,2016-10-24,1.0609625342057991,1.00077516,0.060187374205799005,0.797177441744915,0.0,0.08183484650710093,0.14777006773715384,0.19987488929122255,0.21979198838073066,0.2722992357326359,Telcm,0.08688830656280999,0.13417966743495868,0.14026415300219308,0.19585239585484016,0.2294820372556805
1283699,2016-04-25,2016-04-26,0.9640602347919293,1.00500609,-0.0409458552080707,1.814162081098515,0.0,-0.006029179079039548,0.045321380259653044,0.04287030688377991,0.0700172744001597,0.08543748264666351,Telcm,-0.019276617976844768,0.0610099225711449,0.03499208719468383,0.09799014662029859,0.11465562516130712
1283699,2016-01-05,2016-01-06,1.007210270811251,0.9624294000000001,0.04478087081125082,0.8661985423816592,,0.001310337299183173,-0.07611976495057249,-0.038325911675874846,-0.01975547911593223,0.04030272414370528,Telcm,-0.04085032188948512,-0.1350248542773348,-0.10293872251943148,-0.07402934837710684,-0.039233284278561875
1283699,2016-02-16,2016-02-17,1.0049382798740216,1.0123107500000001,-0.007372470125978525,1.3435969328270823,0.0,0.00977048948740289,-0.04467711631349158,0.015329635642827855,0.034187772667136684,0.1309140615528901,Telcm,0.00836439551699808,-0.04252286985208786,0.015553334193136203,0.029224178435520054,0.1556608546607572
1283699,2015-10-26,2015-10-27,0.9499758424023046,1.01003994,-0.060064097597695376,0.8103028056047926,0.0,-0.11431074420902099,-0.11803100978927095,0.016165031668734287,-0.013930021375387569,-0.04938942105260946,Telcm,-0.09885443193796728,-0.09575162312327878,-0.008043745341894448,-0.05270984229812148,-0.06239179376381443
1283699,2015-07-08,2015-07-09,1.0145567335800456,1.0153359599999998,-0.0007792264199542043,0.684531020243598,,-0.03933265489132831,0.06868713606704724,0.10854784137256346,0.024021983039694828,0.03560858453116178,Telcm,-0.023414584114417436,0.11112891263253544,0.13746867799484797,0.042816258865630674,0.08798184824095556
1283699,2015-01-06,2015-01-07,1.0800148697945346,1.03021539,0.049799479794534696,0.7182800981932587,,0.1056733576003952,0.1267219010113807,0.17663882735207248,0.21751722756871206,0.39021755531868463,Telcm,0.11627924535788448,0.12723205313470953,0.16507075745058342,0.21930093031065434,0.36175688947295326
1283699,2015-07-29,2015-07-30,1.0977321501730115,0.9996982000000001,0.09803395017301142,0.7855925608742296,0.0,0.12464944107042675,0.1389279864094366,0.1354143300149646,0.007198166576159015,0.1258960757072306,Telcm,0.1509431601757707,0.15435296305668333,0.14390502946323513,0.026627520935948445,0.11559484606273851
1283699,2015-04-27,2015-04-28,1.0164415013509933,0.9988897399999999,0.017551761350993456,1.737614155457761,0.0,0.01946487460756019,0.1313648008258752,0.11334360328227144,0.22687430909295825,0.2262408344646729,Telcm,0.036898240049615616,0.1416242930812357,0.11202014795071458,0.23432828704042996,0.23285204230109235
1283699,2015-02-18,2015-02-19,1.0306451859012744,1.00599939,0.02464579590127447,1.3840766304014929,0.0,0.05462736224446929,0.07072622471580226,0.09263467334977649,0.2542879124799883,0.31922334246182804,Telcm,0.04468028813560165,0.05986159292332349,0.09615678183370213,0.2285655589941471,0.3262703668860638
1283699,2014-10-27,2014-10-28,1.021436241028084,1.01187534,0.009560901028083935,1.1878813531368508,-1.0,-0.022847571526619648,-0.12901739468641737,0.040918206599456663,0.09783142377548115,0.12286273773685652,Telcm,0.012914983106526723,-0.09187114348736702,0.07914502733373596,0.10656426692854026,0.14407562034906785
1283699,2014-01-07,2014-01-08,0.9942804806013137,1.00060008,-0.006319599398686204,1.7390400314100152,,-0.0124292265046968,-0.0388008371545957,-0.037369877015826725,-0.001688770364261405,-0.06921809466807805,Telcm,0.013508705842299906,-0.01772526646746464,-0.016692934261747894,-0.0002486684185658561,-0.046925782767103685
1283699,2014-07-30,2014-07-31,1.0801550611532087,0.97656496,0.10359010115320866,0.4615315716973379,0.0,-0.06713936996902226,-0.018210917857202635,-0.0893324408545988,-0.1359470195922743,-0.0654360864115362,Telcm,-0.04642394480814005,0.011889541678311688,-0.05070549755982623,-0.07645057389526588,0.002556581020776272
1283699,2014-04-30,2014-05-01,1.0925230112586326,0.99969972,0.09282329125863265,1.197588414291069,0.0,0.14410571299769204,0.09192625744179717,0.013826586230708315,-0.028091816904465494,-0.10016997490778567,Telcm,0.11735253747295671,0.08529923612842771,-0.014323738782099138,-0.03153141919409386,-0.10263133209726572
1283699,2014-02-24,2014-02-25,0.9387186206924254,1.0001988000000002,-0.06148017930757477,1.0220251241947256,0.0,-0.03890325049256349,-0.03221952668821393,0.031033705799103473,-0.03921539037937549,-0.15156600484173288,Telcm,-0.03261835500508292,-0.03938012798709112,0.003029207489801289,-0.053718232747212546,-0.16956126927207849
1283699,2013-11-04,2013-11-05,0.9890614162218312,1.00039379,-0.011332373778168758,0.7690042627799585,0.0,-0.08828725744309607,-0.06700172328691345,0.04914191062721118,0.02582401099333964,-0.03374501357551729,Telcm,-0.06278881150912952,-0.03612436628148019,0.07711133981768226,0.07989317513284688,0.008467072089358707
1283699,2013-08-13,2013-08-14,0.9652138811966616,0.9803734999999999,-0.01515961880333827,0.9405273625457111,,-0.041544986188119526,0.033712658935996176,0.026363267273265434,0.15261170945298996,0.2208493712046402,Telcm,-0.03208180031237573,0.04007009197566691,0.029257308322403697,0.16929877429348972,0.2269441622267394
1283699,2014-01-03,2014-01-06,1.0291202749985564,1.00337688,0.02574339499855638,1.0962232570580543,,0.019047532579828497,-0.03217882752871204,0.001167536035344252,0.01710604078294109,-0.03891680115489371,Telcm,0.04645436945706849,-0.0169901821962003,0.022623716592038656,0.013765187519120259,-0.023552607060957742
1283699,2013-08-07,2013-08-08,1.05081213251664,1.0017863699999998,0.04902576251664015,0.6544556584748317,0.0,0.00047491444549918604,0.02169987143011398,0.1122186221080379,0.02849033350193486,0.19924838102888676,Telcm,0.027869316111840403,0.0462926692061989,0.10939964621022513,0.06267673317698264,0.22903511812920563
1283699,2013-04-23,2013-04-24,1.0222412521997093,1.0055029399999997,0.01673831219970956,1.7208079794241264,,-0.27635340751037174,-0.15210120640626712,-0.03699401165078964,-0.05895032563349878,0.01704877260705495,Telcm,-0.2623958002597018,-0.0990114912871849,0.006572288631611967,-0.0009078825330837148,0.07159389021770068
1283699,2013-03-13,2013-03-14,1.0277227447916648,1.00388898,0.02383376479166488,0.8091219446703943,,0.06911600809548357,0.1612725213060957,-0.01349731135105725,0.09727207444549246,0.13514431982353958,Telcm,0.060750102206033496,0.12052707298762977,-0.005867973325287323,0.08275801882654599,0.14181173049735052
1283699,2013-02-25,2013-02-26,1.0133196835442906,1.01877482,-0.005455136455709386,0.5983413428157106,,0.00466710756798272,0.11584378631594738,-0.08951582607076825,0.08906105823443089,0.08458921815411946,Telcm,-0.006164910327035367,0.07879105121534091,-0.1125609245956396,0.055633639538216206,0.08294644148700092
1283699,2013-05-07,2013-05-08,1.0206588968389558,1.00128636,0.0193725368389559,1.4335028828456244,,0.10026387542533888,0.29515198504652096,0.3099180234333112,0.3096051491709677,0.4196567826900939,Telcm,0.12741936194412373,0.33744225312566345,0.3432459168002344,0.35312052630227964,0.45014294898176055
1283699,2011-01-05,2011-01-06,0.9081346144046012,0.99640315,-0.08826853559539882,0.7038602006276643,,-0.10943775975575976,-0.11343354316825371,0.09401066628201216,0.22181823402775103,0.175296641548514,Telcm,-0.08617147965475003,-0.10194721458223699,0.07731390085986933,0.18741754883202866,0.13028963538734395
1283699,2013-03-21,2013-03-22,1.0114504622590654,1.0032820199999999,0.008168442259065545,0.43823652945578573,,0.06784435412752732,-0.20215154416058245,-0.000981031912531627,0.044824355973158925,0.10185000572604563,Telcm,0.03841992708254427,-0.2327564100080347,0.002626678056889764,0.046012880199928,0.11055682057628857
1283699,2013-05-01,2013-05-02,1.0593220045448448,1.02171648,0.03760552454484478,5.1937194388557435,,0.1441309885204749,0.30418796859990493,0.36681677941781166,0.4376922212544112,0.5212020620720008,Telcm,0.1638413600001678,0.34721943750612816,0.4052008686231008,0.5044769891971081,0.5561422183791489
1286225,2015-06-03,2015-06-04,1.042368315758305,0.9917947199999999,0.05057359575830511,2.522958074843359,,0.08730034923331198,0.0304218089457291,0.07524963338325086,0.018740642990530798,0.1688719960438816,Softw,0.09544982809678482,-0.008845982788254325,0.03894417756937352,-0.03655218630159818,0.06055840051520689
1377013,2009-02-03,2009-02-04,1.0228882870606437,1.0100034,0.012884887060643724,1.0263843720764472,0.0,0.023434351605033266,-0.4775658319844708,-0.45817710236004017,-0.5666249213870242,-0.5845085183338147,Telcm,0.0602523313223412,-0.4956766095529902,-0.47867194349542486,-0.5283857606542435,-0.5431369056137337
1350031,2008-10-24,2008-10-27,1.0743107265914482,1.06081728,0.013493446591448244,0.9801174969896419,,-0.010420641015491672,0.046839305134247944,0.2892798276585943,0.2687843368648819,0.16883752643964267,Telcm,-0.06678982964106739,-0.07423834998622247,0.18890942220980977,0.18586200029179334,0.06280656148927499
1350031,2008-07-28,2008-07-29,1.015812896666907,1.03885866,-0.02304576333309294,1.0123382246860941,,0.014166200939192075,0.02017865091088955,-0.016223329782501295,0.0012015977831755231,0.11168056975137175,Telcm,0.004513067594618558,-0.012935930408281227,0.0013493000482794892,-0.0695921759283058,0.060516951194434454
1350031,2008-04-29,2008-04-30,1.0862330306808048,1.0135501999999998,0.07268283068080494,1.7355224389181938,,0.1374343065499979,0.15263269512415667,0.2317103384384841,0.26090337166828415,0.16378834066499448,Telcm,0.10330267538599847,0.14351053661320856,0.23908231562976134,0.24792173792054562,0.17480504675251152
834208,2007-03-06,2007-03-07,1.015903307617898,1.00468572,0.01121758761789815,1.0970028820776525,,0.046316574537304644,0.08642108236648838,0.26257276087482806,0.343911350237843,0.8957967792529915,Softw,0.04319747755950609,0.09910908770398619,0.2566358861631699,0.330787334810525,0.86346588716006
834208,2006-11-03,2006-11-06,0.9571295675787457,1.01392668,-0.05679711242125429,0.7086955040133334,,-0.000508426128217776,0.04536892618869515,0.061243048404369116,-0.0026914261090045244,0.07873406787984383,Softw,-0.01469845382087831,0.0572054948816374,0.07141969590565278,0.008654266392848387,0.0850891098215174
1564708,2017-02-24,2017-02-27,0.9786259024051962,0.99799076,-0.019364857594803775,0.9130231577042239,,-0.06483245483173428,-0.039639750301203924,-0.012232193936591917,-0.012770907575680335,-0.020003244342674087,Books,-0.03380179452217835,-0.01596582378198841,0.04600630440942444,0.032038183514440655,0.05789279763884925
1108524,2016-05-31,2016-06-01,0.9943853634470966,1.0055070000000002,-0.011121636552903547,0.8143202977634085,,-0.008482629307932199,-0.05825704366971529,-0.08661874451021456,-0.1934393227401009,-0.13703383572336947,Softw,0.0006748039923651916,-0.04493468200977613,-0.11173416262800206,-0.2251626427161545,-0.1409126005320992
1108524,2018-03-20,2018-03-21,0.9434143088583938,0.97401524,-0.030600931141606114,1.4448094302076786,,-0.02759677260986171,0.026985094416231648,0.0772392604303982,0.07218406859321247,0.1554294134210743,Softw,-0.012122115756845409,0.016248934129417747,0.033671411457935285,0.044674969559237,0.12321938327024484
1507934,2013-01-16,2013-01-17,1.0083547016234464,1.0090176899999999,-0.0006629883765534306,4.41508144754481,,0.009152392745779503,0.17715766263917043,0.3431063007879769,0.3688910503525933,0.3603816251885392,Telcm,-0.0031386776746400447,0.1515033012211464,0.271428711765632,0.33818060924745086,0.30865936170802466
1594109,2016-05-02,2016-05-03,0.9050489686950512,0.9829693,-0.0779203313049488,2.137699630297768,0.0,-0.10312969025044383,0.07184842222835375,0.38974577651299724,0.5034193459576377,0.5843264934031576,Softw,-0.12017658010808285,0.0535193440908146,0.3493609269557969,0.44218505314828027,0.5076336769703071
1463172,2016-06-24,2016-06-27,0.9580769172081576,0.99653568,-0.03845876279184246,0.7696143143716173,,0.07049629642864663,0.11496539132570893,0.10477775314422733,-0.1670261059774919,-0.2935433885886348,Softw,0.06302404693031716,0.0682984249804306,0.04946993639227659,-0.2335495586627797,-0.3003937132504416
1065088,2015-03-20,2015-03-23,1.0272742621790776,0.99300969,0.034264572179077635,1.7361616974104752,,-0.0013778555095309564,0.00972776140702225,0.04177541063757495,0.1793300161401581,0.15907843233227792,Softw,0.004280907896522135,-0.0010017134296718133,0.03563137572481834,0.1363530352097706,0.10404787239638735
1065088,2001-10-26,2001-10-29,0.9370175411826684,0.95951008,-0.022492538817331598,2.0692368179176954,,0.0016894738256425512,0.19351450241097634,0.027542557416080804,-0.0096113891745635,-0.09872217279943818,Softw,-0.04517654251739733,0.12575217394204974,0.009749272645835916,0.030411737624255197,0.08492021612173106
1065088,2015-06-29,2015-06-30,1.0177699229266637,1.0094204,0.008349522926663688,0.8651365883950289,,0.046049296079694546,0.1310326003783655,0.10453498971233066,0.1807669216211394,0.15259606466679565,Softw,0.03204885698894233,0.07631793204918669,0.035367033395176106,0.05764382674406554,0.01653277412756249
1014473,2001-05-31,2001-06-01,0.9610619333993009,1.01032646,-0.04926452660069902,0.6588112929134117,,-0.0793286661300332,-0.03032872136136333,-0.08796306382578845,0.026821873903208893,-0.19733461131746222,Softw,-0.09093127317742067,-0.05462151117254033,-0.016616884889817607,0.11338765025581654,-0.15899380844389388
1101215,2015-11-02,2015-11-03,1.0115608254614918,1.00059168,0.010969145461491747,0.7548492019516999,,-0.022940109934035613,-0.06866690341895831,-0.2232736705657189,-0.24880744469070848,-0.3223730109339057,BusSv,-0.03322434968455035,-0.06503812680089982,-0.1958130807606271,-0.22615329725994182,-0.3193192099475719
1101215,2014-04-16,2014-04-17,0.9247926683852121,1.00590828,-0.08111561161478797,1.9350717109228703,0.0,-0.10408223553735063,-0.04277545571460173,-0.01366680457559033,-0.06870448108722016,-0.11238389584662278,BusSv,-0.10020934347334476,-0.045647736572447584,-0.018637098855388556,-0.07779502243957226,-0.11164239005298615
1101215,2005-11-03,2005-11-04,1.0190904077924325,1.00260025,0.01649015779243257,1.1496986908985083,,0.02249674183283701,-0.041002586506999616,0.2037033781366091,0.23370776597597986,0.4398828651218203,BusSv,0.019644912228259592,-0.04429955109938577,0.1837074597431978,0.1980599853068199,0.39861707274656966
1297401,2008-10-21,2008-10-22,0.9413379380154203,0.9451329599999999,-0.003795021984579594,1.0263223813301048,,-0.030395767041380473,-0.10383626407509328,-0.06923253806812268,-0.1083183156367673,-0.24984733144898885,Fun,-0.052666945505191576,0.004450939653393271,0.00504198351117735,0.04181312569132811,-0.2008958399358508
1271024,2012-12-17,2012-12-18,1.0039359480541856,1.005928,-0.0019920519458143104,0.5275297757553493,,-0.041560119567570775,0.016340265650154118,0.4240296714376821,0.5502200621886302,0.31243721209467146,Softw,-0.036258131129725646,0.010538182672862773,0.4301765728564504,0.5715385153468666,0.327871800285261
732717,2018-10-11,2018-10-12,1.0192126176488692,1.00893376,0.010278857648869266,0.7313804658922646,,-0.05500997977207478,-0.03487756018946375,0.00630154556470397,-0.04600218068990769,-0.03636608611165437,Telcm,-0.07369767139035333,-0.0907795225579957,-0.06020358737420106,-0.07453887337968312,-0.06828861679104192
732717,2006-11-16,2006-11-17,1.0249999234705847,0.9996998199999999,0.025300103470584756,1.1566662287594995,,0.05110566018738605,0.05614777699650597,0.12192460696128804,0.20710714503249683,0.19275787795534405,Telcm,0.03740862895421615,0.005711398483174923,0.07206926638753552,0.1336226705070609,0.10469609805505486
732717,2006-08-16,2006-08-17,1.0085950488886546,1.0048054,0.0037896488886546287,0.7558692300617265,,0.02232579378133548,0.05100080257725592,0.03089081990327247,0.07224569143700443,0.11804207218989649,Telcm,0.004253948234099747,0.013716308224676954,-0.022234922328039586,-0.010187303535576397,0.028573232953853722
732717,2006-05-10,2006-05-11,0.9789835981865848,0.9740701,0.004913498186584708,0.8017302030514045,,0.02550945573169172,0.1149849294073213,0.23382829736457855,0.23028029192481203,0.2956785754441582,Telcm,0.0030077046256143936,0.059796569180300296,0.15056888747067143,0.12833156870749085,0.1519335683734404
732717,2005-05-02,2005-05-03,1.0008409819107462,1.01239488,-0.011553898089253778,1.4381366096851238,,-0.023557250401705643,-0.03683703259778959,-0.04513560526546079,-0.07057786850707304,-0.05796157904746424,Telcm,-0.01213219785907016,-0.021804933284916173,-0.017257172235734863,-0.02713154275537355,0.0044051217850382685
1166691,2019-02-01,2019-02-04,1.0097852840824382,1.01153096,-0.0017456759175618064,1.1034771594540767,,-0.009338055238086618,0.03540535166897385,0.10446471423508163,0.07275452058811771,0.1026919750506392,Telcm,0.0005048545791228598,0.04758378433210764,0.08805467008654233,0.022429486308189528,0.04579633134229799
1166691,2019-04-24,2019-04-25,1.0293907622886582,1.00389258,0.02549818228865819,1.1637985007352047,0.0,0.044755390856989985,0.015515964232207136,0.033936600201956546,0.07012083604916874,0.08382727022745096,Telcm,0.024365807635767345,-0.029368250458982392,0.005052269928441211,-0.003016177059578684,0.010199984624819303
1166691,2018-10-24,2018-10-25,1.0328254039168614,1.0024815500000002,0.03034385391686123,1.0923341810719422,0.0,0.062058314685258686,0.10279819125591982,0.06462418848045381,0.08327034576216641,0.1359078709409014,Telcm,0.07097353950261076,0.07288472402767443,0.04811668975869354,0.08200130275379025,0.11236634823002323
1166691,2019-01-22,2019-01-23,1.0363168548307577,1.00380345,0.03251340483075782,1.4547445163385164,0.0,0.024565407932860106,0.052662087382116196,0.11258542941804306,0.13677246182649894,0.15710724934225806,Telcm,0.053107320867822994,0.06366331065438646,0.09844633415432114,0.07978714327120073,0.10778647584764434
1166691,2018-07-25,2018-07-26,1.0496709680747955,0.9898164,0.0598545680747955,0.8068090009641372,0.0,0.05905122448241529,0.07198661142396134,0.11260950586964225,0.20017210731249102,0.15531004876593735,Telcm,0.009312383392771295,0.029006133221842978,-0.008088639146140553,0.0755798642744343,0.023880992065369977
1166691,2018-04-24,2018-04-25,0.9994004004803204,1.0106096,-0.01120919951967958,1.1207852300331547,0.0,-0.10168747795940625,-0.09468254933789955,-0.03891320352615768,0.005240219455501682,0.014289404235409364,Telcm,-0.023746917942360835,-0.024965653316905034,0.004208577792320645,0.038174260595924325,-0.016659979497279265
1166691,2018-01-23,2018-01-24,0.9929312147321373,0.9993990899999999,-0.006467875267862633,0.9247831806720668,0.0,0.001114769332248744,-0.10064991652499078,-0.16451219927164873,-0.23902186364831546,-0.19143112895936953,Telcm,-0.022993790777352197,-0.08282663579039284,-0.13140380238223337,-0.1440074118610969,-0.1452497584458886
1166691,2017-10-25,2017-10-26,0.9989139040581403,1.0102164,-0.011302495941859725,1.1890478012048527,0.0,-0.015095865492043337,-0.009897371287392653,0.051806339570516835,-0.0816355654616463,-0.1560264027228342,Telcm,0.01514289441385952,-0.002334961102906208,0.05610408246797194,-0.048591423215037954,-0.1064333849134782
1166691,2017-07-26,2017-07-27,1.004320253881443,0.99690238,0.0074178738814431044,0.8147322978382867,0.0,0.05431121177491205,-0.021741638479535585,-0.10002747203106432,-0.05075532202566402,-0.07786828069860441,Telcm,0.020927035926027404,0.0033385152338364366,-0.027732137496917497,0.01724624522751883,0.028015762512705544
1166691,2017-04-26,2017-04-27,1.0103118768172439,0.9974985,0.012813376817243927,1.4204669392030256,0.0,0.010740560731513638,0.03016724883741051,-0.019022082208827173,0.016626801307386474,-0.13951197002819504,Telcm,0.05684204783881952,0.08494497254581412,0.062970805692939,0.07947593922884777,0.00348875666733095
1166691,2017-01-25,2017-01-26,1.0341774839786886,0.9978012,0.03637628397868853,1.0665227545361995,0.0,0.017328580833312346,-0.013166984849820595,0.0004686937026372462,0.07687857943300136,-0.009937940111585775,Telcm,0.017440082770512788,0.0007648081264755024,0.015830015775864625,0.13206528826681563,0.08889344257563336
1166691,2016-10-25,2016-10-26,0.9528828695133419,0.99440759,-0.04152472048665812,1.2066358468535157,0.0,-0.02953749800569372,0.0068944734952016695,0.060368462214067886,0.033004429600793195,0.06074688998076172,Telcm,-0.031078769424312425,-0.02067093096514827,0.0066126780789492745,0.003952346621705516,0.014121312052902457
1166691,2016-07-26,2016-07-27,1.010122064633623,1.0003974800000002,0.009724584633622912,0.6829025747849131,0.0,-0.004128036387019307,-0.029595070970711013,-0.03821624913448807,-0.009419195276367809,0.00408568836654144,Telcm,0.002288189809932173,-0.0006805818831262522,0.0011952697532351397,0.02460940006295742,0.0028165698872553158
1166691,2016-04-26,2016-04-27,1.0016380391493551,0.9924798399999999,0.009158199149355228,1.114444318454666,0.0,0.03139446556189118,0.01552243864086611,0.06114253768371536,0.028081088119094266,0.03383211455741697,Telcm,0.017833362532999053,0.027018142606614504,0.0455794278535524,0.05211514228292069,0.058160807409626036
1166691,2016-02-02,2016-02-03,1.0663124916974962,1.0073124199999999,0.059000071697496326,1.212807245695016,0.0,0.04180400317101207,0.03409144893605576,0.01200975337350707,0.032218456986355726,0.06843647318763457,Telcm,0.03779014771699574,0.028365946037085754,0.017772349681693944,0.04882976624750923,0.0733839302548478
1166691,2015-10-26,2015-10-27,0.9961402110439226,1.01003994,-0.013899728956077384,0.5995122481644997,0.0,-0.0189976818014318,-0.04744372710351419,-0.027670950416862627,-0.017766292907958392,-0.031244233809683664,Telcm,-0.003541369530378091,-0.025164340437522026,-0.05187972742749136,-0.0565461138306923,-0.04424660652088863
1166691,2015-07-22,2015-07-23,0.963875940603803,0.9832647999999999,-0.019388859396196945,0.5778924376313417,0.0,-0.07394563673909371,-0.054056131159350596,-0.007262266623430658,-0.03788477197669471,-0.05209870844672271,Telcm,-0.04259654445287919,-0.04248397917839697,0.0036233247347592368,-0.008836274188039672,-0.05237145768441187
1166691,2011-04-14,2011-04-15,0.9864629051918606,0.9928494,-0.0063864948081393536,0.826617840541463,,0.05529703307944911,0.0029842577588785613,0.03149330228075353,-0.0034713292938071127,0.07499643046793114,Telcm,0.0457000165316106,-0.02088690279810268,0.011544755057550482,-0.023807083322211264,0.061716149773681894
1166691,2009-12-03,2009-12-04,1.083989547629211,1.0054895,0.07850004762921103,1.000978840217115,,0.07382562728591524,-0.0074953459827147295,0.03434610803184235,0.03560785402793898,0.11062900335647496,Telcm,0.053329950586287644,0.026224358768408118,0.058406128419104864,0.050471765787196476,0.08323022650277934
1166691,2013-09-17,2013-09-18,1.001044129587838,1.0096857,-0.008641570412161848,0.7675836342022366,,0.015151736702937013,0.03139964040959309,0.04875220078635967,0.12857525514244972,0.042819338565377674,Telcm,0.015368032390926545,0.02308789603612582,0.0655350218675479,0.14234343548221795,0.080441762575165
1230276,2017-09-25,2017-09-26,0.984146327138443,1.0068031499999999,-0.022656822861556902,0.4169425418002849,,-0.06752292505068369,-0.4350814494565566,-0.5024494426999541,-0.47077607042677083,-0.521405939898098,Softw,-0.0845308725639049,-0.48739065622317057,-0.5268954761327992,-0.5261768953824605,-0.6072366247863611
1230276,2015-12-01,2015-12-02,0.8819832670112325,0.9750515,-0.09306823298876743,0.7013669297057947,,-0.043112883471182695,-0.22577723093480584,-0.21741526359610508,-0.3667691214190726,-0.2294349012797402,Softw,-0.054247508289472446,-0.23070775873109584,-0.21348675270279494,-0.3540211451583505,-0.20849217857626445
1230276,2013-09-13,2013-09-16,1.0500208742971349,1.01032646,0.03969441429713494,2.9947778572151353,,0.04666885603945059,0.059829833683037625,0.1466203123422707,0.32502292096466356,0.36631862629624456,Softw,0.03586421328413958,0.06515614833140448,0.13574068436506148,0.2872153921444356,0.30624602998797523
1230276,2017-06-13,2017-06-14,0.9170854467023655,0.9953050999999999,-0.07821965329763447,3.198233583746001,,0.12046377545239983,0.1975354876705815,0.05144897975431495,-0.12188537419110612,-0.49357987202440723,Softw,0.10832008706287177,0.17517742942797954,0.013947079534910811,-0.15747582586183717,-0.49173178675711127
1099590,2008-08-25,2008-08-26,0.9980033455086313,1.01212904,-0.01412569449136869,0.5758243750993493,,-0.10407127962187568,-0.1306255350017832,-0.32337318367124956,-0.11100942672494929,-0.14526902199065805,Softw,-0.06743756567463322,-0.10930828829441253,-0.3045986847825489,-0.08664933573457434,-0.1968790914249362
1576169,2016-12-13,2016-12-14,1.018803392720017,0.9963622799999999,0.022441112720017142,1.067069027048565,,0.029680378088050796,0.041083373262451595,-0.16819643072222734,-0.03275171954428413,0.1768432318624249,Softw,0.041321299264548195,0.014757343330983552,-0.20152241007706706,-0.08448874456520761,0.06008438472199962
732713,2006-04-19,2006-04-20,0.9878825285816304,0.9990999,-0.011217371418369648,0.9187015391186992,-1.0,0.017608932176546133,0.07389827095876544,0.12975103254775966,0.2623236768149212,0.3062543974860217,Telcm,0.00027075691039502026,0.010024003600894948,0.04236087405433775,0.13926606639328254,0.15362662249109937
732713,2006-01-24,2006-01-25,1.0542347355250716,1.00568262,0.04855211552507166,1.0779361315670286,0.0,0.08806356258583681,0.2751331691708597,0.17838945535343154,0.29140468026978406,0.34478214918155303,Telcm,0.060938965171756454,0.22595642294201923,0.15806194925205164,0.18764764462634287,0.22406097190057483
732713,2005-10-24,2005-10-25,1.0031225574194202,0.9924137999999999,0.010708757419420345,1.217325014191307,0.0,-0.01025988727027416,0.0369488049515887,-0.007041314005644006,0.2570977898172493,0.19444261714752376,Telcm,-0.008172204630861213,0.0358749221533472,0.008665310936105008,0.22412289451504508,0.1797144226432874
732713,2003-10-21,2003-10-22,1.0899915613059756,0.9869665599999999,0.1030250013059757,1.3196893680073325,0.0,0.07180621695880585,0.12577738447893405,0.14995689931044942,0.09424481806663176,0.013515595842473083,Telcm,0.06522146032293685,0.12180976666908427,0.09493027420516431,0.06872403160023977,0.0028935578087856406
732713,2003-05-29,2003-05-30,1.019809541248141,1.01925967,0.0005498712481408763,1.0634139167618812,,-0.03183741040974253,-0.060004371735481454,-0.09613361579776525,-0.17696456590376852,-0.14077255058844784,Telcm,-0.023687946418843753,-0.04904005459434324,-0.0388707913907782,-0.07544709644020664,-0.013229095075353303
732713,2004-07-29,2004-07-30,1.0010949155862474,1.0050050400000001,-0.003910124413752714,1.332087448663803,,0.02953322936012026,-0.02314013097187284,-0.037178538890357604,-0.04371436048993793,-0.09868517717890835,Telcm,0.012970036126786266,-0.029786952010927292,-0.062334265176364756,-0.07152101036928848,-0.12246298459848415
732712,2019-08-07,2019-08-08,1.0125250469544251,1.01174634,0.0007787069544251679,0.7599160375200832,,0.019323329871972827,0.06002041674926217,0.04941138440442172,0.018727322593757423,-0.0357517485728891,Telcm,0.009503577714899292,0.03756403919949425,0.032740781231827,0.03363568480609058,0.02258765296410581
1428336,2019-07-05,2019-07-08,0.9781902558951198,0.99598956,-0.017799304104880287,1.1244420344387496,,0.2394581914874926,-0.0279156670814531,-0.11217627556706411,-0.08186050111406917,0.08908659652796946,Softw,0.2275268945439073,-0.041468821056300786,-0.1074300905258212,-0.07525376062120559,0.08366786479745336
1428336,2019-06-26,2019-06-27,1.051785172081055,1.0128408,0.038944372081054945,2.126818841542406,,0.11642462986945845,0.16974256643360175,-0.03333582319451467,-0.0945192899719568,0.1037377809783564,Softw,0.09403551633061058,0.14009601614600586,-0.045437245466904086,-0.09546579066856109,0.09408761825056389
1237746,2019-12-04,2019-12-05,1.0024330900243308,1.0104118300000002,-0.007978739975669447,0.41126716943433794,,0.04023808156468345,0.17420149294202258,-0.13820168165803226,-0.34797871483832254,-0.11813115350764725,Softw,0.040860705097728545,0.1338218699651108,-0.2006040003885603,-0.47436478394899984,-0.2830887921191467
1283699,2019-07-25,2019-07-26,1.030909684349409,1.00497376,0.025935924349409056,1.8742378361784533,-1.0,0.002434999235141899,0.007001578925597274,0.03685324374054533,-0.047642182487308005,-0.07998681556315979,Telcm,-0.004477030622688782,-0.02565471890649962,0.006032942051389822,-0.06099496657770309,-0.049389783850661395
1108524,2019-06-07,2019-06-10,0.9310472516637377,1.00409364,-0.07304638833626231,3.3011889425186487,,-0.07723326637248717,-0.07704659879484232,-0.06827053767878044,-0.11879517659934535,-0.09083620908770684,Softw,-0.0979897205083059,-0.10414623223349695,-0.09882157872600783,-0.14040491551157674,-0.11809397602159932
1065088,2019-11-22,2019-11-25,1.0179385685930955,1.01111748,0.006821088593095492,1.0144743959073932,,-0.015658645210079758,-0.04899103142739447,0.02389695607327913,0.046967050647969355,0.2681723487680975,Softw,-0.015425785249159274,-0.07375939856606872,-0.029734597944044427,-0.057356941717204624,0.0991136356666995
1166691,2019-10-23,2019-10-24,0.998468920741412,1.0076129999999999,-0.009144079258587845,1.0780102161387506,0.0,-0.05181673722201896,-0.08401323227084934,-0.06856759568128679,-0.11408857532510686,-0.11242186484726924,Telcm,-0.038764121361856474,-0.0586206887381262,-0.015127321626798196,-0.07339626464227389,-0.06698554211430496
1166691,2019-07-24,2019-07-25,0.9946513269008115,1.00184834,-0.007197013099188521,1.0647430662463724,0.0,-0.018372630833987436,0.05672229541337115,0.04310468285030622,-0.04725909580884502,-0.04153531397576038,Telcm,-0.02772081870957821,0.014045347943594466,-0.0060061534067348266,-0.06653971018479288,-0.02378336412090265
